Date,HSN1FNSA,tahitian noni juice,exhaust sound,traderonline.com,www.kbb.com,80/20 mortgage,appreciation rate,home appreciation,help-u-sell,planned community,new home builder,bostonworks.com,appreciation rates,quarter mile times,city land,oldies lyrics,tax real estate,marshall reddick,amerisuites,1031 exchange,diamond audio,cambridge homes,1031 exchanges,mile times,house appreciation,olson company,condo store,illinois real estate,1031 tax,new home builders,new homes,real estate test,map it,new home communities,vacant land,noni juice,real estate exams,1031,real estate appraisers,real estate appreciation,exhaust sound clips,borla,new condominiums,dolf de roos,estate appraisers,new home construction,java almanac,lyrics mony mony,airline seating,www.buyowner.com,song samples,foxtons.com,bellsouth yellow pages,virtual mpf,christian song lyrics,panther wheels,baird & warner,prudential realtor,www.honda.com,real estate purchase,mortgage terms,www.pulte.com,sharepoint portal,bellsouth yellow,irs 1031,tax exchange,citigroup foundation,buy owner,de roos,home appreciation rates,fairfield connecticut,martindale.com,www.kohler.com,sea turtle inn,real estate appraisal,jdk 1.4.2,the olson company,amerisuite,www.mail2web.com,www.bmw.com,sublime music,home development,estate appraisal,baer brake,housing developments,master planned community,real estate portland,www.traderonline.com,feet acre,dynamite hack lyrics,msn group,jre 1.4.2,american homes,home builder,1031 tax exchange,real estate atlanta,california department of real estate,century 21 realtors,new housing development,www.anywho.com,selling real estate
2004-01-01,0.942,1.252,1.098,1.321,1.081,1.080,0.380,1.198,0.724,1.682,1.371,1.547,1.173,1.362,0.987,1.659,0.879,1.349,0.980,0.269,1.279,1.387,0.555,0.919,0.913,1.436,1.598,1.621,0.593,1.620,1.515,1.199,1.328,1.400,1.159,1.408,1.391,0.260,1.534,0.972,1.005,1.323,0.829,1.655,1.516,1.699,1.324,1.458,0.952,1.412,1.489,1.063,1.145,1.096,1.411,0.649,1.576,0.865,1.287,1.280,1.326,0.804,1.301,1.161,0.776,0.847,1.240,0.861,1.574,1.376,1.467,0.947,1.503,0.921,1.705,1.098,1.359,1.123,1.637,1.622,1.524,1.562,1.697,1.341,1.867,1.527,1.271,1.531,1.335,1.596,1.768,1.280,1.171,1.642,0.437,1.537,1.734,1.899,1.330,1.374,1.359
2004-02-01,1.336,1.355,1.260,1.250,1.287,0.930,1.139,1.096,0.813,1.770,1.460,1.309,1.119,1.360,1.472,1.943,1.631,1.150,1.260,0.644,1.187,1.372,1.089,1.134,0.952,1.492,1.386,1.418,1.162,1.268,1.378,1.044,1.431,1.210,1.162,1.057,1.096,0.697,1.352,1.112,1.552,1.530,1.143,1.612,1.362,1.746,1.395,0.968,1.160,1.360,1.473,1.491,1.382,1.250,1.724,1.646,1.633,1.196,1.694,0.930,1.612,1.816,1.546,1.402,1.525,1.310,1.533,0.847,1.353,1.410,1.461,1.734,1.512,1.235,1.612,1.626,1.795,1.389,1.619,1.570,1.522,1.268,1.615,1.648,1.564,1.539,0.949,1.561,1.327,1.653,1.715,1.348,1.299,1.547,1.317,1.343,1.568,1.658,1.419,1.315,1.056
2004-03-01,1.973,1.570,1.778,1.486,1.393,2.091,1.734,1.520,1.523,1.653,1.894,1.619,1.356,1.954,1.535,2.153,1.939,1.638,1.410,1.024,1.784,1.730,1.025,1.768,1.441,1.824,1.294,1.709,1.683,1.632,1.778,0.818,1.767,1.161,1.491,1.177,1.657,1.018,1.741,1.715,1.699,2.191,1.094,1.525,1.724,1.980,1.640,1.654,1.900,1.424,1.586,1.795,1.518,1.173,1.893,1.755,1.932,1.595,2.138,1.654,1.555,1.804,1.514,1.483,1.471,1.465,1.355,1.145,1.658,1.624,1.547,1.732,1.487,1.687,1.698,2.000,1.920,1.227,1.941,1.852,1.565,1.862,1.699,1.889,1.543,1.842,1.607,1.780,2.110,2.130,1.595,2.474,1.421,1.593,1.214,1.626,1.408,2.267,1.114,1.279,1.428
2004-04-01,1.548,1.206,1.789,1.322,1.397,1.534,1.072,1.419,1.603,1.341,1.619,1.239,1.152,2.252,1.509,1.734,1.717,1.643,1.208,1.172,1.787,1.479,1.116,1.576,1.016,2.255,0.986,1.703,1.608,1.404,1.661,1.216,1.840,1.752,1.642,1.225,1.698,1.102,1.633,1.290,1.345,1.985,1.307,1.604,1.655,1.644,1.465,1.581,1.466,1.497,1.583,2.034,1.265,0.999,1.637,1.965,1.726,2.029,1.962,2.103,2.069,1.859,1.449,1.247,1.827,1.137,1.149,1.288,1.721,1.332,1.476,1.158,1.287,1.450,1.689,1.255,2.307,1.181,1.638,2.006,2.309,1.807,1.693,1.708,1.727,1.061,1.692,2.077,2.099,1.986,1.397,0.861,1.337,1.468,1.219,1.559,1.183,1.546,1.875,1.290,1.640
2004-05-01,1.730,1.403,1.867,1.534,1.364,1.595,1.524,1.584,1.502,1.877,1.648,1.700,1.181,2.047,1.902,1.689,1.653,1.676,1.379,1.167,1.598,1.457,1.499,1.782,1.717,1.402,1.347,1.501,1.320,1.415,1.503,1.507,1.983,1.585,1.339,1.142,1.793,1.106,1.500,1.004,1.617,2.059,1.312,1.058,1.489,1.543,1.167,1.216,1.313,1.813,1.568,1.461,1.345,0.776,1.356,1.378,1.619,1.586,1.851,1.990,1.790,1.414,1.558,1.345,1.097,1.138,1.619,1.400,1.003,1.667,1.425,1.360,1.424,1.434,1.591,1.127,1.269,1.545,1.616,1.680,1.559,1.909,1.600,1.932,1.348,1.368,1.430,1.668,2.104,2.137,1.353,0.824,1.242,1.318,1.254,1.747,1.277,1.938,1.847,1.414,1.750
2004-06-01,1.427,1.236,1.625,1.553,1.561,1.350,1.518,1.467,1.385,1.603,1.529,1.452,1.304,1.933,1.748,1.397,1.457,1.835,1.778,1.190,1.815,1.427,0.998,1.448,1.689,1.967,1.567,1.712,1.866,1.518,1.631,1.448,2.267,1.611,1.408,1.198,1.886,1.234,1.669,1.410,1.346,2.050,1.378,1.017,1.672,1.708,1.245,1.579,1.837,1.865,1.473,1.622,1.734,1.693,1.273,1.595,1.874,1.517,1.530,2.269,1.848,1.482,1.947,1.740,0.918,1.748,1.789,1.528,1.064,1.402,1.997,1.393,1.893,1.818,1.913,1.632,2.296,2.215,1.692,1.263,1.209,1.427,1.910,1.060,1.560,1.799,1.699,1.821,2.267,1.050,1.596,1.065,1.116,1.424,1.752,1.740,1.762,1.809,1.330,1.804,1.622
2004-07-01,1.154,1.755,1.676,1.495,1.743,1.264,0.764,1.452,1.917,1.610,1.508,1.230,1.587,1.660,1.144,1.339,1.953,1.874,1.823,1.427,1.452,1.733,1.390,1.568,0.954,1.478,0.964,1.804,1.622,1.716,1.786,1.848,2.083,1.436,2.123,1.466,1.668,1.450,1.386,1.408,1.286,2.137,1.819,1.367,1.371,1.902,1.144,1.574,1.691,1.836,1.677,1.539,1.833,1.366,1.429,1.668,1.557,2.044,1.766,1.894,1.334,1.434,1.635,1.893,1.348,1.325,1.230,1.653,1.326,1.634,1.601,1.171,1.120,1.393,1.670,1.186,1.433,1.911,1.653,1.621,1.283,1.854,1.678,1.633,1.789,1.397,1.715,1.321,1.863,1.272,1.665,1.154,1.257,1.606,1.491,1.862,1.481,1.811,1.760,1.750,1.929
2004-08-01,1.336,1.624,1.231,1.371,1.619,1.267,1.255,1.449,1.200,1.544,1.640,1.600,1.119,1.524,1.290,1.151,1.756,2.128,1.478,1.343,1.633,1.590,1.722,1.368,1.217,1.555,1.459,1.732,1.773,1.682,1.477,1.733,1.876,1.603,1.737,1.295,2.238,1.425,1.804,1.492,0.999,1.637,1.211,1.389,1.790,1.462,1.431,1.339,1.856,1.744,0.904,1.317,1.875,1.927,1.252,1.761,1.706,1.718,1.382,1.676,1.322,1.421,1.605,1.876,1.547,1.570,1.482,1.271,1.538,1.414,1.423,2.042,1.106,1.099,1.753,1.727,1.308,2.027,1.531,1.195,1.040,1.502,1.756,1.171,1.578,1.985,1.429,1.409,1.364,0.817,1.607,1.437,1.038,1.565,1.865,1.622,1.671,1.586,1.569,1.570,1.981
2004-09-01,1.094,1.360,1.096,0.973,1.178,1.199,0.744,1.154,1.210,1.433,1.304,1.427,1.341,1.678,0.594,1.577,1.049,1.458,1.328,0.985,1.263,1.161,1.301,1.135,1.584,0.884,1.160,1.288,1.047,1.122,1.115,0.904,1.499,1.425,0.999,0.885,1.700,1.027,1.248,1.005,1.143,1.215,0.983,0.896,1.242,1.288,1.059,1.069,1.281,1.077,1.312,1.113,1.655,1.473,1.667,1.004,1.124,1.288,1.414,1.230,1.313,0.909,1.598,1.644,0.817,1.104,0.817,0.721,0.866,1.493,1.535,1.258,1.221,0.604,1.322,1.752,0.912,1.302,1.347,1.028,1.166,1.210,1.309,1.409,1.215,1.406,1.147,1.113,1.092,1.278,1.368,1.404,1.291,1.128,1.026,0.903,1.365,1.160,0.757,1.405,1.367
2004-10-01,1.306,1.386,0.856,1.102,1.085,0.811,0.924,1.267,0.865,0.995,1.147,1.226,0.875,1.290,0.963,1.541,0.935,1.076,1.046,0.944,1.254,1.015,1.380,0.961,0.930,1.204,1.068,1.014,1.023,1.102,0.940,1.090,1.191,1.241,1.059,1.026,1.371,0.955,1.121,0.757,1.076,1.085,1.287,0.649,1.140,0.940,1.284,1.239,1.408,0.963,1.266,1.009,1.187,1.226,1.706,0.687,0.689,1.019,1.192,1.005,0.975,1.832,1.304,1.224,1.485,1.102,1.078,0.952,0.551,0.780,1.446,1.168,1.441,0.815,0.960,1.441,1.370,1.119,1.265,1.144,0.909,1.116,0.960,0.651,0.953,0.684,0.705,1.060,1.159,1.473,1.368,1.138,1.099,0.994,1.182,0.887,1.070,1.135,1.146,1.170,1.086
2004-11-01,0.790,1.042,1.092,0.718,0.970,0.565,1.168,1.105,0.638,1.141,0.983,0.810,0.547,0.849,0.852,1.331,0.747,1.180,0.831,0.795,1.209,0.717,0.630,0.772,0.743,1.052,0.786,0.800,1.202,0.995,0.819,0.703,0.913,0.773,1.073,0.910,0.913,0.810,1.000,1.429,1.301,0.891,0.833,0.798,0.983,0.899,1.180,0.803,0.602,1.187,0.697,0.983,1.261,1.177,1.345,0.886,0.395,0.754,1.106,0.652,1.191,0.887,1.233,1.265,1.150,1.035,0.726,0.750,1.051,0.492,1.294,0.802,0.869,0.446,1.023,1.003,1.347,1.046,1.096,0.939,0.907,0.943,1.020,0.678,0.990,0.995,0.623,1.161,0.877,1.012,1.165,1.026,1.322,0.773,1.069,0.526,1.413,0.847,0.997,1.128,0.890
2004-12-01,0.760,0.911,0.835,1.294,0.917,0.527,0.706,1.227,0.611,0.686,0.855,0.972,0.773,0.828,0.634,0.871,1.131,1.053,0.742,0.873,0.914,0.701,0.553,0.550,0.947,0.388,0.802,0.792,0.914,0.834,0.736,0.774,0.919,0.879,0.659,0.801,0.860,0.764,0.902,1.163,1.227,0.792,0.889,0.619,0.922,0.821,1.555,1.138,0.712,0.655,0.806,0.854,1.367,1.204,0.585,0.889,0.277,0.244,1.025,0.289,0.783,1.054,1.022,1.374,0.676,0.739,0.944,0.566,0.900,0.920,1.068,0.606,0.295,0.296,0.906,1.214,0.259,0.623,1.227,1.086,1.689,0.996,0.897,1.047,0.713,0.449,0.548,1.334,0.883,0.886,1.337,0.889,0.855,0.762,0.774,0.430,1.143,0.105,1.158,1.560,0.754
2005-01-01,1.033,0.971,1.085,1.310,1.318,1.461,0.961,1.336,1.129,1.155,1.447,1.300,1.398,1.060,1.183,1.659,1.158,1.479,1.219,1.326,1.011,1.794,1.592,0.674,1.571,1.557,1.835,1.352,1.594,1.852,1.678,1.531,1.041,1.542,1.541,1.256,1.327,1.365,1.516,1.799,1.270,0.797,2.073,1.565,1.525,1.805,1.035,1.057,1.401,1.269,0.819,1.063,1.400,1.272,1.424,0.892,1.241,0.929,1.184,0.967,1.445,0.992,1.388,1.437,1.869,1.756,1.473,1.513,1.498,1.134,1.279,1.726,1.522,0.895,1.667,1.142,1.282,1.269,1.367,0.959,1.304,1.588,1.671,1.283,2.062,1.195,1.168,1.127,1.120,1.363,1.102,1.328,2.146,1.725,1.717,1.690,1.469,1.390,1.433,1.487,1.182
2005-02-01,1.548,1.635,1.539,1.696,1.340,1.212,1.606,1.821,1.147,1.505,1.968,1.286,2.099,1.158,1.418,1.910,1.792,1.454,1.525,1.546,1.507,2.224,1.504,1.050,1.707,1.685,1.476,1.403,1.919,1.819,1.750,1.451,1.139,2.080,1.893,1.897,1.510,1.612,1.417,2.168,1.667,1.348,1.977,1.664,1.402,1.887,1.408,1.118,1.436,1.874,0.937,1.228,1.375,1.635,1.571,2.102,1.764,1.090,1.247,1.201,1.491,2.012,1.482,1.365,1.876,1.932,1.530,1.602,1.880,1.919,1.664,1.641,1.510,1.819,1.429,1.822,1.455,1.344,1.650,1.645,1.291,2.005,1.426,0.736,1.926,1.304,1.530,1.463,1.178,1.088,1.221,2.089,1.916,1.860,1.961,1.584,1.308,1.462,1.499,1.496,1.632
2005-03-01,2.094,1.798,1.648,1.697,1.525,1.715,2.209,2.205,1.466,2.001,2.355,1.494,2.226,1.631,1.725,1.988,1.774,1.860,1.487,1.960,1.577,2.352,1.547,1.497,2.711,1.671,1.837,1.727,2.007,2.041,1.898,1.900,1.328,2.200,2.011,1.716,1.674,1.946,1.577,2.321,1.584,1.539,1.986,2.353,1.564,1.921,1.726,1.832,1.677,2.292,1.395,1.322,1.375,1.969,1.935,1.958,1.746,1.512,1.523,1.522,1.565,2.296,1.429,1.382,2.003,2.390,1.521,1.908,2.428,1.925,1.560,1.406,1.595,1.844,1.479,1.534,1.747,1.338,1.670,1.443,1.651,1.956,1.483,1.979,1.925,1.859,1.286,1.728,1.848,1.316,1.688,1.848,1.847,1.948,2.103,1.752,1.912,1.826,1.995,1.344,1.699
2005-04-01,1.761,1.903,1.718,1.758,1.632,1.646,2.266,2.176,1.779,1.588,1.815,1.543,2.211,1.965,2.046,1.824,1.945,1.793,1.268,1.874,1.812,1.935,1.940,1.788,1.854,1.823,1.623,1.356,2.015,1.679,1.736,1.984,1.401,1.658,2.034,1.674,1.463,1.872,1.256,2.193,1.440,1.479,1.585,1.596,1.260,1.812,1.375,1.822,1.543,1.849,1.622,1.582,1.326,1.756,1.792,2.272,1.954,2.116,1.816,1.574,1.272,1.815,1.414,1.353,1.572,2.334,1.550,1.967,1.582,1.917,1.017,1.335,1.387,1.444,1.371,1.169,1.608,1.401,1.652,1.563,1.952,1.990,1.368,1.863,1.872,1.601,1.904,1.815,1.759,1.457,1.536,1.498,1.754,1.716,1.991,1.470,1.685,1.695,1.885,1.613,1.635
2005-05-01,1.882,1.388,1.560,1.566,1.434,1.946,2.021,2.046,1.901,1.529,1.898,1.779,1.957,1.805,2.146,1.563,1.609,1.929,1.384,1.902,1.538,1.430,1.974,1.847,2.074,2.033,1.543,1.549,1.746,1.671,1.630,1.765,1.500,1.901,1.874,1.548,1.624,1.936,1.499,2.302,1.459,1.577,1.421,2.017,1.514,1.751,1.611,2.686,1.864,2.103,1.540,1.277,1.650,1.724,1.456,1.732,1.563,1.958,1.246,2.150,1.533,1.774,1.535,1.642,1.762,1.906,1.476,1.916,2.065,2.336,1.777,1.661,1.526,1.840,1.430,1.423,1.922,1.336,1.532,1.420,1.792,1.744,1.426,1.501,1.704,1.487,1.812,1.666,2.184,1.753,1.662,1.669,1.527,1.596,1.940,1.912,1.494,1.898,1.598,1.761,1.458
2005-06-01,1.730,1.517,1.291,1.668,1.616,1.977,1.782,2.325,1.970,1.657,1.890,1.624,2.128,1.401,2.158,1.445,1.487,1.811,1.752,2.152,1.844,1.512,1.845,1.426,1.815,1.135,1.644,1.750,1.773,1.809,1.670,2.118,1.840,1.998,1.961,1.622,2.195,2.082,1.781,2.273,1.161,1.575,1.949,1.379,1.790,1.840,1.721,2.073,1.584,1.792,1.386,1.401,1.858,2.194,1.406,1.914,1.289,1.908,1.257,2.048,1.852,1.630,1.866,1.857,1.791,1.829,1.615,2.074,1.173,1.750,1.830,1.542,1.589,1.549,1.705,1.922,1.161,1.651,1.452,1.388,1.808,2.244,1.708,1.656,1.732,2.072,1.548,1.804,1.770,1.796,1.650,1.585,1.504,1.748,1.949,1.961,1.886,1.504,1.780,1.827,1.695
2005-07-01,1.791,1.823,1.322,1.936,1.829,2.111,2.027,2.134,2.154,1.746,1.735,1.905,2.214,1.604,1.762,1.157,1.902,1.793,1.872,2.143,1.812,1.567,1.881,1.570,1.922,1.540,2.049,1.790,1.955,1.771,1.733,2.221,1.872,1.787,2.114,1.809,1.614,2.140,1.496,2.057,1.429,1.721,2.009,1.800,1.488,1.887,1.694,2.106,1.590,2.246,1.393,1.827,1.691,1.519,1.750,1.727,1.403,1.763,1.667,2.033,1.742,1.954,1.537,1.706,2.075,1.889,1.494,2.042,1.767,2.473,1.413,1.890,1.839,1.812,1.611,1.549,1.577,1.881,1.475,1.349,1.986,1.885,1.601,1.755,1.969,2.008,1.934,1.549,1.428,1.716,1.536,1.373,1.673,1.705,2.102,1.804,1.506,1.654,2.197,1.772,1.571
2005-08-01,1.579,1.704,1.207,1.750,1.743,1.502,1.443,1.563,1.742,1.362,1.506,1.528,1.884,1.732,1.351,1.279,1.934,1.381,1.452,2.164,1.653,1.428,1.881,1.605,1.284,1.659,1.800,1.440,2.124,1.629,1.507,1.866,1.686,1.765,2.055,1.988,1.714,2.168,1.613,1.549,1.139,1.420,2.231,1.665,1.613,1.844,1.492,2.152,1.395,1.556,1.478,1.719,1.619,1.959,1.590,1.492,1.662,1.366,1.433,1.712,1.793,1.504,1.696,1.636,2.216,2.226,1.477,1.720,1.616,1.608,1.391,1.502,1.756,1.186,1.475,1.308,1.640,1.433,1.390,1.251,1.662,1.535,1.476,1.929,1.515,1.375,1.909,1.543,1.788,1.569,1.649,1.688,1.289,1.500,2.369,1.358,1.457,1.247,2.309,1.749,1.698
2005-09-01,1.245,1.592,1.164,1.397,1.135,1.001,1.226,0.928,1.527,1.133,0.942,1.218,1.253,1.492,1.207,1.012,0.966,1.301,1.320,1.527,1.561,0.960,1.269,1.592,0.818,0.877,1.356,1.019,1.174,1.034,0.906,1.631,1.229,1.147,1.265,1.803,1.079,1.531,1.345,1.146,1.353,1.078,1.173,1.190,1.348,1.046,1.428,0.893,1.180,1.432,1.183,1.341,1.370,1.463,1.690,1.309,1.102,1.229,1.994,1.152,1.195,0.992,1.282,1.367,1.344,1.272,1.026,1.122,1.057,1.464,1.068,1.348,1.440,1.001,1.085,1.246,0.732,1.353,1.378,1.108,1.564,0.926,1.084,1.199,0.941,1.154,1.021,1.261,0.907,1.549,1.149,1.195,1.143,1.000,1.400,1.069,1.279,0.814,1.003,1.430,0.868
2005-10-01,1.427,1.281,1.314,1.173,0.912,0.780,1.098,0.846,1.171,1.197,0.792,1.288,0.762,1.239,1.173,1.085,0.961,1.010,1.195,1.333,1.162,0.904,1.273,1.323,0.818,0.870,1.435,1.023,1.056,0.743,0.768,1.482,1.169,0.908,1.143,1.366,1.212,1.301,1.129,1.131,1.454,0.992,1.126,1.569,1.133,0.852,1.337,1.128,0.899,1.214,1.295,0.925,1.023,1.184,1.584,0.846,1.019,0.798,1.340,0.762,1.253,1.414,1.499,1.038,1.409,1.075,1.217,1.004,1.379,0.341,1.344,1.255,1.361,0.727,1.018,1.532,0.884,1.263,1.282,1.234,1.361,0.715,1.009,0.828,0.905,0.999,1.082,0.907,0.986,1.373,1.209,1.643,1.080,0.816,1.336,1.053,1.087,0.646,1.108,1.222,1.214
2005-11-01,0.851,0.962,0.921,0.787,0.815,0.578,0.733,0.804,0.930,0.572,0.526,1.042,1.022,0.755,0.800,0.981,0.660,0.830,0.931,1.027,0.864,0.598,1.412,0.834,0.725,1.028,1.292,0.787,0.922,0.568,0.484,0.819,0.902,0.379,0.709,1.086,0.591,1.013,0.702,0.727,0.958,0.435,0.613,1.042,0.702,0.591,1.232,1.350,0.658,0.751,1.462,1.134,1.224,0.879,1.149,1.217,0.677,0.378,0.930,0.387,0.654,0.912,1.157,1.198,1.154,0.720,1.203,0.581,1.021,0.901,0.851,1.053,0.875,0.481,0.551,0.794,1.200,1.131,1.258,1.266,1.482,0.503,0.551,0.442,0.798,0.544,0.844,1.128,0.614,1.194,1.206,0.973,0.838,0.627,0.880,0.552,0.801,0.296,0.411,1.010,0.521
2005-12-01,0.881,0.823,0.817,0.986,1.193,0.416,0.525,0.481,0.640,0.178,0.494,0.708,0.626,0.584,0.536,0.721,0.759,0.642,0.616,0.691,1.098,0.401,0.815,0.533,1.155,0.775,0.731,0.337,0.402,0.349,0.383,0.599,0.759,0.397,0.460,1.018,0.873,0.693,0.283,0.741,1.019,0.308,0.532,0.952,0.270,0.395,1.027,0.578,0.493,0.754,1.381,0.709,1.159,0.927,0.502,1.099,0.324,0.236,0.767,0.155,0.639,1.146,1.052,1.163,0.673,0.465,1.093,0.579,0.870,0.422,0.774,0.971,0.511,0.507,0.370,0.879,0.637,0.821,1.310,1.086,1.300,0.384,0.374,0.634,0.338,0.105,0.677,1.085,0.359,1.502,1.296,0.834,0.337,0.481,0.387,0.359,0.577,0.174,0.576,1.316,0.272
2006-01-01,0.942,1.151,1.146,0.867,1.166,1.089,1.106,1.062,1.389,0.983,1.250,1.444,1.239,0.655,1.007,0.993,1.165,1.087,1.033,1.262,0.921,1.412,1.138,0.846,1.268,1.251,1.512,1.176,1.051,1.442,1.201,1.421,0.855,1.284,1.352,1.586,0.871,1.203,1.056,1.210,1.403,0.705,1.196,1.219,1.067,1.239,1.140,0.945,1.113,1.225,1.182,1.160,1.117,1.328,1.225,1.210,0.889,0.948,0.835,0.579,0.984,1.222,1.540,1.111,1.355,1.263,1.009,1.495,1.444,1.208,0.980,1.478,1.510,1.075,0.998,0.794,1.192,0.868,1.001,0.800,1.255,1.126,0.986,1.096,1.141,1.137,1.279,1.267,0.791,1.235,1.065,0.937,1.224,1.240,1.314,1.559,1.037,1.068,1.225,1.096,0.943
2006-02-01,0.912,1.147,1.343,1.004,1.410,1.127,1.454,1.009,1.206,1.249,1.167,1.009,1.084,0.795,1.259,1.084,0.968,1.026,1.150,1.423,0.853,1.462,1.301,0.887,1.056,1.177,1.199,1.059,1.122,1.218,1.042,1.075,0.932,1.220,1.197,1.417,1.154,1.319,0.934,0.853,1.248,0.936,1.141,1.298,0.938,1.124,1.250,1.213,1.075,0.883,1.448,1.478,1.032,1.132,1.207,1.688,1.037,1.040,0.939,0.765,1.325,1.638,1.305,1.026,1.574,1.484,1.325,1.253,1.376,0.729,0.846,1.025,1.705,1.401,1.210,1.259,1.154,1.240,0.926,1.720,1.133,0.916,1.207,1.345,0.987,1.224,0.903,1.407,0.722,1.200,0.849,1.581,1.259,1.180,1.346,0.983,1.013,0.738,0.871,0.996,0.823
2006-03-01,1.518,1.836,1.241,1.235,1.691,1.514,1.316,1.134,1.574,1.268,1.094,1.109,1.457,0.923,1.134,1.054,1.210,1.236,1.391,1.566,1.135,1.239,1.504,1.086,1.195,1.408,1.177,1.134,1.250,1.230,1.156,0.949,1.122,1.313,1.008,1.922,1.077,1.513,0.965,1.161,1.320,1.110,1.512,1.456,0.965,1.139,1.189,1.534,1.261,1.099,1.515,1.568,0.905,1.604,1.121,1.620,1.462,1.277,1.181,1.120,1.067,1.044,1.269,0.894,1.519,1.391,1.073,1.260,1.414,1.590,1.000,1.587,2.016,1.303,0.991,1.091,1.688,1.265,0.926,1.207,1.290,0.984,0.990,1.536,1.211,1.384,1.264,1.599,1.033,1.002,0.869,1.405,1.258,1.068,1.243,1.080,1.037,1.231,1.319,1.162,1.306
2006-04-01,1.276,1.651,1.601,1.125,1.524,1.323,1.277,1.134,1.534,1.142,0.742,1.319,1.316,1.077,1.450,0.995,1.390,0.997,1.196,1.410,0.950,1.392,1.336,1.334,1.332,1.271,1.328,1.092,1.107,0.945,0.975,1.127,0.996,0.803,0.945,1.540,0.771,1.446,1.204,1.214,1.512,1.008,1.142,1.076,1.197,0.909,1.278,0.748,1.436,1.252,1.327,1.407,0.963,1.154,1.051,0.918,1.319,1.447,1.380,1.143,1.008,1.223,1.125,0.948,1.457,1.498,0.969,1.273,0.969,1.145,0.952,1.125,1.372,1.521,1.373,0.884,1.068,1.173,0.843,1.200,1.296,0.994,1.371,1.520,0.939,1.161,1.277,1.284,0.991,1.161,0.821,0.956,1.166,0.992,1.158,1.009,1.003,1.279,0.857,1.132,1.278
2006-05-01,1.336,1.335,1.345,1.279,1.360,1.177,1.299,0.794,1.150,1.044,0.652,1.364,1.042,0.943,1.387,1.091,0.858,1.162,1.167,1.267,0.874,0.984,1.120,1.201,1.351,1.111,1.060,0.978,0.712,0.730,0.775,1.044,1.021,0.791,0.753,1.251,1.410,1.228,0.960,0.985,1.379,0.912,0.804,0.595,0.950,0.746,1.200,1.269,1.096,1.100,1.637,1.336,0.964,1.168,0.720,1.149,1.312,1.445,1.487,1.227,1.024,1.031,1.304,0.938,1.231,0.683,1.249,1.229,0.711,0.778,0.923,1.031,1.012,1.614,1.250,0.954,1.290,1.111,0.951,0.951,1.251,0.463,1.249,1.093,0.813,1.001,1.094,1.258,0.621,1.029,0.737,1.089,0.969,0.801,0.877,0.989,0.959,1.151,0.767,1.190,0.965
2006-06-01,1.215,0.846,1.607,1.302,1.412,1.336,1.202,0.916,1.184,1.215,0.690,1.553,0.894,0.789,1.110,1.002,0.989,0.951,1.403,1.056,0.745,0.863,0.917,1.053,1.075,1.021,1.142,1.145,0.640,0.872,0.884,1.099,1.164,0.762,0.617,1.008,1.073,1.020,1.044,0.741,1.458,1.029,0.974,0.691,1.051,0.723,0.890,1.022,1.027,1.127,1.395,1.210,1.142,1.405,0.752,0.686,1.418,1.229,0.977,1.184,1.235,0.846,1.188,1.111,0.601,0.661,1.196,1.283,0.727,0.970,1.188,1.072,1.526,1.684,1.119,0.978,1.095,1.630,0.973,1.230,0.944,0.691,1.104,1.555,0.687,1.370,0.829,1.394,1.050,0.999,0.889,0.839,0.866,0.910,0.646,1.170,1.124,1.329,0.645,1.218,1.118
2006-07-01,0.760,0.850,1.256,1.303,1.365,1.165,0.876,0.913,1.425,0.992,0.945,1.338,0.995,0.806,0.716,0.830,0.536,0.858,1.459,0.985,0.901,0.941,0.851,1.113,1.136,1.161,1.176,1.115,0.541,1.113,1.075,0.992,1.081,0.908,1.030,0.916,0.801,0.917,1.132,0.867,1.214,1.062,1.135,1.169,1.148,0.804,0.904,0.976,1.082,1.019,0.979,1.419,0.994,0.931,0.956,0.602,1.205,1.302,1.080,1.116,0.906,1.289,0.972,0.995,0.395,0.822,1.258,1.309,1.072,0.800,1.129,1.380,1.092,1.516,1.130,0.927,1.049,1.575,0.674,1.260,0.494,1.036,1.132,1.154,0.919,1.305,1.483,1.005,0.998,0.984,0.847,0.953,0.984,0.989,0.865,0.839,0.887,1.251,1.038,1.043,1.382
2006-08-01,0.912,0.634,1.055,1.107,1.339,1.277,0.698,0.737,1.030,0.570,0.735,1.279,0.782,0.675,0.904,0.784,0.498,0.788,1.111,0.957,0.808,0.858,0.717,0.917,0.879,0.634,0.809,0.950,0.657,0.904,0.844,1.081,0.920,0.778,0.883,0.923,0.697,0.923,1.241,0.759,1.062,0.707,1.049,1.255,1.249,0.620,0.691,0.813,0.690,0.866,1.076,1.292,0.943,1.058,0.808,0.642,0.950,0.973,0.934,1.011,1.077,0.769,0.917,0.935,0.557,0.818,0.931,0.951,1.057,0.590,0.943,1.204,0.881,0.941,0.961,1.023,0.376,1.056,0.779,0.853,0.558,0.668,0.957,0.459,0.839,0.375,1.072,0.992,0.639,0.529,0.641,0.753,0.874,0.940,0.782,0.868,0.869,1.133,0.809,0.880,1.257
2006-09-01,0.669,0.660,0.888,0.665,0.877,0.805,0.457,0.325,0.721,0.309,0.513,0.987,0.436,0.656,0.114,0.596,0.365,0.613,0.860,0.604,0.815,0.613,0.620,0.863,0.234,0.680,0.445,0.574,0.457,0.554,0.595,0.770,0.617,0.426,0.583,0.813,0.235,0.568,0.833,0.409,1.002,0.715,0.663,0.762,0.833,0.383,0.814,0.387,0.664,0.495,0.655,0.976,0.784,0.568,0.801,0.393,0.196,0.658,0.585,0.519,0.690,0.749,0.577,0.775,0.517,0.363,0.877,0.646,0.715,0.215,0.926,0.712,0.629,0.917,0.766,0.652,1.003,0.694,0.438,0.805,0.452,0.472,0.760,0.697,0.356,0.486,0.634,0.639,0.546,0.759,0.669,0.570,0.695,0.588,0.485,0.604,0.615,0.581,0.229,0.551,0.641
2006-10-01,0.487,0.636,0.788,0.485,0.407,0.550,0.415,0.331,0.547,0.519,0.383,0.728,0.315,0.411,0.438,0.445,0.367,0.501,0.850,0.556,0.380,0.534,0.623,0.714,0.291,0.494,0.813,0.388,0.289,0.459,0.418,0.405,0.497,0.345,0.363,0.735,0.741,0.543,0.785,0.145,0.991,0.442,0.448,0.410,0.791,0.213,0.779,0.297,0.446,0.131,0.562,0.753,0.613,0.570,0.767,0.452,0.534,0.453,0.402,0.330,0.522,0.384,0.783,0.604,0.340,0.372,0.767,0.401,0.489,0.469,0.600,0.861,0.415,0.706,0.557,0.894,0.479,0.685,0.478,0.640,0.414,0.334,0.565,0.680,0.429,0.459,0.502,0.295,0.498,0.674,0.526,0.752,0.762,0.447,0.431,0.565,0.617,0.392,0.320,0.509,0.405
2006-11-01,0.396,0.412,0.415,0.342,0.130,0.526,0.297,0.047,0.157,0.249,0.130,0.319,0.280,0.199,0.072,0.338,0.143,0.409,0.609,0.309,0.354,0.338,0.471,0.409,0.074,0.281,0.478,0.227,0.173,0.283,0.257,0.124,0.132,0.007,0.186,0.326,0.290,0.291,0.474,0.112,0.541,0.155,0.386,0.393,0.455,0.034,0.846,0.349,0.239,-0.145,0.754,0.624,0.575,0.423,0.521,0.124,0.049,0.005,0.123,0.143,0.464,0.041,0.417,0.560,0.230,0.193,1.011,0.177,0.395,-0.172,0.463,0.295,0.255,0.278,0.254,0.553,0.478,0.507,0.499,0.601,0.252,0.124,0.260,0.412,0.058,0.267,0.276,0.189,0.183,0.582,0.591,0.587,0.632,0.220,0.301,0.147,0.493,0.310,-0.119,0.347,0.279
2006-12-01,0.396,0.196,0.340,0.406,0.158,0.377,0.299,0.135,0.003,0.128,-0.024,0.307,0.281,-0.018,0.150,0.258,0.371,0.186,0.405,0.116,0.454,0.254,0.305,0.167,-0.154,0.036,0.240,0.053,-0.030,0.177,0.184,0.069,0.052,0.002,-0.050,0.229,0.204,0.030,0.074,0.141,0.454,0.026,0.120,0.564,0.052,0.047,0.552,0.286,0.057,-0.169,0.512,0.502,0.540,0.171,-0.057,0.247,-0.176,-0.030,0.068,-0.094,0.072,-0.039,0.115,0.513,0.031,0.025,0.488,0.065,0.573,0.300,0.222,0.176,-0.071,0.375,0.086,0.202,0.070,0.369,0.429,0.783,0.240,-0.079,0.093,0.489,0.003,-0.037,0.032,0.204,-0.081,0.745,0.416,0.315,0.248,0.096,0.021,0.081,0.349,0.046,-0.011,0.505,-0.129
2007-01-01,0.244,0.344,0.323,0.419,0.215,0.760,0.710,0.358,0.388,0.666,0.620,0.737,0.535,-0.001,0.349,0.330,0.815,0.496,0.762,0.567,0.687,0.647,0.837,0.200,0.272,0.269,0.856,0.633,0.344,0.778,0.851,0.496,0.103,0.842,0.487,0.412,0.597,0.536,0.801,0.466,0.530,0.117,0.590,0.866,0.815,0.557,0.405,0.389,0.676,0.231,0.430,0.757,0.540,0.392,0.402,0.380,0.373,0.627,0.039,0.364,0.801,0.457,0.328,0.541,0.309,0.366,0.976,0.663,0.784,0.710,0.400,0.364,0.523,0.769,0.685,0.804,0.172,0.420,0.326,0.503,0.236,0.705,0.685,0.222,0.486,0.748,0.558,0.276,0.154,0.257,0.500,0.662,0.943,0.726,0.297,0.825,0.714,0.383,0.677,0.335,0.551
2007-02-01,0.305,0.439,0.520,0.414,0.285,0.856,0.718,0.363,0.315,0.666,0.655,0.478,0.501,0.075,0.490,0.448,0.786,0.337,0.858,0.611,0.566,0.622,0.693,0.285,0.363,0.472,0.652,0.421,0.331,0.781,0.781,0.489,0.156,0.492,0.343,0.293,0.399,0.563,0.592,0.392,0.678,0.248,0.501,0.370,0.588,0.520,0.492,0.056,0.450,0.090,0.228,0.393,0.463,0.287,0.411,0.384,0.686,0.414,0.067,0.361,0.546,0.215,0.245,0.435,0.399,0.479,0.807,0.561,0.336,0.176,0.248,0.420,0.341,0.529,0.421,0.932,0.369,0.445,0.349,0.242,0.175,0.281,0.430,0.279,0.461,0.737,0.465,0.299,0.158,0.253,0.518,1.039,0.833,0.733,0.416,0.531,0.574,0.234,0.724,0.183,0.474
2007-03-01,0.669,0.548,0.764,0.649,0.763,0.874,0.836,0.531,0.508,0.634,0.634,0.394,0.648,0.432,0.634,0.258,0.784,0.182,0.918,0.601,0.515,0.626,0.597,0.788,0.596,0.498,0.355,0.720,0.280,0.671,0.810,0.395,0.256,0.643,0.510,0.313,0.410,0.570,0.428,0.462,0.780,0.571,0.604,0.724,0.430,0.653,0.341,0.342,0.572,0.160,0.310,0.452,0.385,0.250,0.309,0.515,0.756,0.962,0.192,0.515,0.407,-0.033,0.168,0.390,0.201,0.512,0.588,0.632,0.770,0.466,0.369,0.368,0.465,0.966,0.393,0.870,0.270,0.676,0.336,0.372,0.300,0.582,0.395,0.102,0.698,0.753,0.672,0.200,0.493,-0.050,0.635,0.741,0.904,0.660,0.426,0.739,0.688,0.503,0.582,0.205,0.488
2007-04-01,0.760,0.434,0.547,0.474,0.494,0.819,0.857,0.730,0.667,0.757,0.545,0.441,0.634,0.581,0.633,0.289,0.693,0.297,0.673,0.716,0.298,0.443,0.575,0.982,0.512,0.335,0.439,0.766,0.401,0.449,0.539,0.626,0.254,0.354,0.315,0.390,0.161,0.756,0.576,0.391,0.551,0.549,0.492,0.700,0.566,0.322,0.476,0.350,0.296,0.135,0.519,0.327,0.501,0.125,0.412,0.210,0.596,0.747,0.432,0.687,0.677,0.233,0.018,0.479,0.400,0.350,0.489,0.512,0.675,0.826,0.269,0.218,0.601,0.851,0.380,0.306,0.422,0.366,0.171,0.519,0.291,0.287,0.381,0.537,0.419,0.594,0.511,-0.032,0.494,0.382,0.419,0.445,0.770,0.516,0.181,0.733,0.543,0.461,0.353,0.136,0.650
2007-05-01,0.639,0.252,0.649,0.342,0.424,0.605,0.500,0.375,0.474,0.494,0.352,0.486,0.354,0.523,0.388,0.430,0.130,0.155,0.600,0.494,0.188,0.156,0.531,0.896,0.849,0.140,0.259,0.469,1.387,0.297,0.453,0.422,0.325,0.292,0.187,0.211,0.254,0.664,0.432,0.218,0.567,0.572,0.350,0.588,0.428,0.152,0.359,0.025,0.348,0.043,0.516,0.304,0.331,0.073,0.097,0.095,0.680,0.709,0.301,0.665,0.230,-0.125,0.015,0.313,0.454,0.066,0.425,0.453,0.508,0.258,0.616,0.176,0.035,0.886,0.273,0.253,0.148,0.330,0.216,0.306,0.310,0.358,0.272,0.389,0.245,0.641,0.538,-0.088,0.513,0.007,0.497,0.394,0.503,0.404,0.144,0.502,0.308,0.294,0.274,0.133,0.471
2007-06-01,0.457,0.364,0.427,0.280,0.164,0.527,0.892,0.420,0.497,0.496,0.331,0.084,0.416,0.423,0.460,0.295,0.501,0.093,0.663,0.434,0.262,0.315,0.513,0.705,0.519,0.248,0.420,0.639,0.504,0.363,0.548,0.691,0.391,0.546,0.180,0.234,0.093,0.459,0.463,0.364,0.377,0.632,0.472,0.420,0.465,0.314,0.243,0.111,0.649,0.051,0.399,0.413,0.291,0.261,-0.019,0.103,0.380,0.692,0.166,0.621,0.239,0.359,-0.040,0.290,-0.239,-0.012,0.210,0.528,0.370,0.833,0.387,0.181,-0.108,0.812,0.333,0.228,0.072,0.426,0.062,0.191,-0.090,0.455,0.343,0.200,0.268,0.534,0.454,-0.314,0.230,0.141,0.446,0.320,0.436,0.458,0.081,0.435,0.469,0.402,0.447,0.112,0.552
2007-07-01,0.305,0.214,0.289,0.381,0.150,0.581,0.640,0.327,0.410,0.463,0.428,-0.027,0.445,0.393,0.753,0.270,0.127,0.210,0.598,0.414,0.195,0.406,0.194,0.660,0.334,0.269,0.373,0.543,0.378,0.383,0.578,0.396,0.292,0.525,0.368,0.147,0.244,0.406,0.503,0.170,0.184,0.594,0.456,0.246,0.527,0.279,0.357,0.333,0.604,0.050,0.291,0.321,0.305,0.069,0.081,0.025,0.415,0.240,-0.044,0.569,0.338,-0.187,-0.115,0.302,-0.000,0.051,0.640,0.512,0.255,0.305,0.635,0.039,0.054,0.585,0.466,0.393,0.240,0.378,0.099,0.264,-0.156,0.373,0.467,0.357,0.416,0.478,0.936,-0.247,0.296,0.078,0.419,0.120,0.555,0.549,0.152,0.333,0.350,0.395,0.572,0.110,0.629
2007-08-01,0.062,0.087,0.039,0.124,0.165,0.290,0.245,0.029,0.184,0.237,0.223,-0.068,0.004,0.209,0.223,0.174,0.005,0.070,0.251,0.212,-0.158,-0.003,0.132,0.517,0.197,0.072,0.040,0.323,0.077,0.179,0.299,0.027,0.104,0.143,0.079,0.103,0.135,0.209,0.340,-0.032,0.039,0.367,0.182,0.037,0.341,0.001,0.240,0.001,0.599,-0.182,0.260,0.307,0.127,0.076,0.046,-0.066,0.114,0.174,-0.013,0.231,0.157,-0.227,-0.166,0.112,0.179,-0.031,0.211,0.273,0.046,0.210,0.171,0.105,0.072,0.558,0.327,0.240,-0.070,0.200,0.202,0.329,-0.273,0.072,0.334,-0.063,0.137,-0.013,0.725,-0.309,0.165,0.101,0.375,0.371,0.300,0.315,-0.027,0.395,0.285,0.249,0.312,0.121,0.308
2007-09-01,-0.150,0.029,0.029,0.014,-0.148,-0.178,-0.010,-0.156,-0.031,-0.090,-0.121,-0.227,-0.214,0.176,0.175,-0.098,-0.256,-0.150,0.020,0.007,-0.067,0.010,-0.004,0.403,-0.028,0.090,0.012,0.090,-0.044,-0.010,0.077,-0.135,-0.136,0.095,-0.174,0.058,-0.272,0.026,0.209,-0.200,0.026,0.262,0.004,-0.118,0.212,-0.217,0.090,-0.112,0.266,-0.372,0.158,0.064,-0.068,-0.206,0.024,-0.149,0.005,-0.194,0.134,-0.021,-0.048,-0.263,-0.287,-0.073,-0.028,-0.307,0.140,0.006,-0.040,-0.375,0.084,-0.074,-0.152,0.092,0.151,-0.019,-0.027,-0.129,0.040,0.071,-0.142,-0.046,0.149,0.322,-0.085,0.029,0.128,-0.224,0.014,-0.266,0.244,-0.114,0.195,0.147,-0.238,-0.000,0.169,-0.009,0.038,-0.046,-0.091
2007-10-01,-0.029,-0.019,-0.302,-0.117,-0.327,-0.252,0.022,-0.300,-0.083,-0.170,-0.028,-0.450,-0.233,-0.033,-0.151,-0.220,-0.173,-0.223,-0.070,0.013,-0.206,-0.161,0.095,0.194,-0.272,0.089,-0.104,-0.043,0.017,-0.125,0.006,-0.329,-0.170,-0.169,-0.207,0.078,-0.440,0.091,0.125,-0.296,-0.215,0.068,-0.102,-0.387,0.124,-0.272,0.105,-0.080,0.047,-0.297,-0.032,-0.277,-0.192,-0.331,-0.098,-0.312,-0.117,-0.326,-0.274,-0.213,-0.205,-0.457,-0.258,-0.191,-0.051,-0.199,0.252,-0.184,-0.305,-0.096,-0.043,0.123,-0.230,-0.254,-0.017,0.146,0.124,-0.219,0.013,-0.020,-0.267,-0.127,-0.007,-0.267,-0.128,0.071,0.104,-0.328,-0.043,-0.247,0.010,-0.071,0.023,0.077,-0.271,-0.277,-0.009,-0.233,-0.332,-0.168,-0.308
2007-11-01,-0.393,-0.299,-0.493,-0.177,-0.362,-0.395,-0.172,-0.301,-0.281,-0.289,-0.163,-0.462,-0.338,-0.100,-0.212,-0.199,-0.350,-0.390,-0.308,-0.240,-0.183,-0.372,-0.146,-0.066,0.004,-0.373,-0.372,-0.153,-0.339,-0.319,-0.266,-0.577,-0.415,-0.389,-0.396,-0.173,-0.548,-0.198,-0.218,-0.395,-0.436,-0.158,-0.236,-0.313,-0.218,-0.481,-0.039,-0.304,-0.008,-0.397,-0.104,-0.452,-0.247,-0.272,-0.313,-0.424,-0.381,-0.473,-0.304,-0.421,-0.378,-0.582,-0.411,-0.247,-0.423,-0.367,-0.266,-0.331,-0.293,-0.150,-0.036,-0.137,-0.266,-0.516,-0.302,-0.162,-0.334,-0.428,-0.124,-0.210,-0.219,-0.286,-0.301,-0.316,-0.321,-0.230,-0.268,-0.236,-0.353,-0.226,0.055,-0.082,0.048,-0.106,-0.386,-0.434,-0.093,-0.473,-0.216,-0.315,-0.410
2007-12-01,-0.423,-0.358,-0.582,-0.211,-0.506,-0.437,-0.187,-0.361,-0.412,-0.426,-0.387,-0.537,-0.330,-0.376,-0.353,-0.329,-0.386,-0.467,-0.466,-0.423,-0.192,-0.492,-0.343,-0.386,-0.258,-0.582,-0.373,-0.459,-0.342,-0.430,-0.325,-0.595,-0.496,-0.511,-0.536,-0.324,-0.297,-0.396,-0.406,-0.382,-0.424,-0.362,-0.357,-0.230,-0.411,-0.545,-0.155,-0.133,-0.235,-0.546,-0.030,-0.516,-0.249,-0.431,-0.592,-0.394,-0.595,-0.539,-0.423,-0.688,-0.621,-0.666,-0.529,-0.243,-0.362,-0.323,-0.341,-0.442,-0.226,-0.191,-0.201,-0.393,-0.419,-0.660,-0.401,-0.393,-0.537,-0.497,-0.223,-0.429,-0.233,-0.549,-0.395,-0.581,-0.516,-0.283,-0.553,-0.455,-0.392,-0.313,0.017,-0.386,-0.520,-0.341,-0.328,-0.547,-0.378,-0.512,-0.528,-0.104,-0.624
2008-01-01,-0.423,-0.245,-0.500,-0.200,-0.360,-0.022,-0.218,-0.197,-0.171,-0.247,-0.006,-0.418,-0.240,-0.420,-0.102,-0.215,-0.128,-0.283,-0.433,-0.256,-0.164,-0.257,-0.197,-0.240,-0.002,-0.036,-0.349,-0.011,-0.184,-0.006,0.102,-0.337,-0.392,0.005,-0.273,-0.137,-0.089,-0.212,-0.053,-0.338,-0.437,-0.354,-0.215,-0.301,-0.053,-0.073,-0.096,-0.381,0.042,-0.311,-0.265,-0.477,-0.377,-0.256,-0.329,-0.418,-0.172,-0.194,-0.428,-0.339,-0.189,-0.309,-0.370,-0.379,-0.202,-0.308,-0.110,-0.003,-0.284,-0.258,-0.099,-0.061,-0.154,-0.385,-0.097,-0.323,-0.170,-0.483,-0.129,-0.317,-0.413,-0.141,-0.094,-0.005,0.020,-0.320,-0.048,-0.422,-0.075,-0.270,-0.172,-0.074,0.000,0.187,-0.320,0.035,-0.178,-0.176,-0.136,-0.261,0.021
2008-02-01,-0.302,-0.431,-0.405,-0.218,-0.323,-0.185,-0.265,-0.257,-0.258,-0.107,-0.106,-0.491,-0.398,-0.329,-0.176,-0.237,-0.091,-0.384,-0.486,-0.265,-0.048,-0.233,-0.175,-0.170,-0.043,-0.189,-0.382,-0.183,-0.258,-0.119,0.049,-0.488,-0.353,-0.044,-0.299,-0.426,-0.348,-0.229,-0.218,-0.355,-0.457,-0.125,-0.168,-0.423,-0.228,-0.179,-0.212,-0.156,0.130,-0.399,-0.310,-0.559,-0.452,-0.333,-0.316,-0.346,-0.363,-0.241,-0.429,-0.371,-0.288,-0.447,-0.399,-0.448,-0.349,-0.237,-0.114,-0.093,-0.456,-0.368,-0.234,-0.180,-0.327,-0.229,-0.287,-0.268,-0.114,-0.518,-0.143,-0.420,-0.465,-0.147,-0.282,-0.256,-0.094,-0.031,-0.027,-0.398,-0.013,-0.290,-0.246,-0.327,-0.067,0.174,-0.299,-0.022,-0.284,-0.217,-0.012,-0.428,-0.183
2008-03-01,-0.271,-0.443,-0.462,-0.185,-0.243,-0.379,-0.059,-0.103,-0.113,-0.151,-0.198,-0.457,-0.318,-0.185,0.024,-0.331,-0.009,-0.392,-0.508,-0.238,-0.127,-0.280,-0.121,0.020,0.051,-0.201,-0.352,-0.130,-0.196,-0.222,0.034,-0.538,-0.204,-0.208,-0.297,-0.314,-0.279,-0.154,-0.124,-0.379,-0.554,0.132,-0.205,-0.475,-0.124,-0.248,-0.274,-0.451,0.106,-0.471,-0.288,-0.582,-0.447,-0.424,-0.265,-0.194,-0.106,-0.040,-0.242,-0.197,-0.209,-0.504,-0.433,-0.442,-0.276,-0.159,0.018,-0.079,-0.440,-0.302,-0.192,-0.161,-0.157,-0.210,-0.242,-0.190,-0.218,-0.476,-0.211,-0.013,-0.429,-0.109,-0.244,0.040,-0.038,-0.062,-0.209,-0.486,-0.060,-0.397,-0.272,-0.168,-0.077,0.042,-0.332,-0.068,-0.298,-0.122,0.011,-0.290,-0.150
2008-04-01,-0.271,-0.424,-0.432,-0.177,-0.152,-0.258,-0.206,-0.270,-0.180,-0.071,-0.303,-0.485,-0.287,-0.035,-0.082,-0.369,0.030,-0.484,-0.573,-0.271,-0.131,-0.385,-0.231,0.146,-0.172,-0.277,-0.297,-0.220,-0.248,-0.308,-0.120,-0.532,-0.259,-0.280,-0.385,-0.426,-0.391,-0.215,-0.280,-0.425,-0.533,-0.019,-0.322,-0.499,-0.278,-0.337,-0.181,-0.280,0.113,-0.408,-0.472,-0.699,-0.439,-0.481,-0.364,-0.253,0.006,-0.093,-0.198,-0.198,-0.370,-0.443,-0.428,-0.443,-0.434,-0.265,-0.370,-0.186,-0.483,-0.234,-0.220,-0.308,-0.221,-0.255,-0.310,-0.189,-0.156,-0.547,-0.222,-0.037,-0.327,-0.312,-0.303,-0.292,-0.191,0.018,-0.301,-0.543,0.063,-0.396,-0.312,-0.308,-0.132,-0.078,-0.363,-0.336,-0.340,-0.149,-0.125,-0.378,-0.242
2008-05-01,-0.271,-0.410,-0.516,-0.233,-0.265,-0.549,-0.093,-0.222,-0.320,-0.305,-0.346,-0.520,-0.514,-0.249,-0.160,-0.341,-0.439,-0.484,-0.576,-0.395,-0.091,-0.466,-0.273,0.025,-0.368,-0.397,-0.383,-0.441,-0.412,-0.444,-0.222,-0.409,-0.235,-0.324,-0.438,-0.549,-0.513,-0.345,-0.339,-0.479,-0.623,-0.069,-0.380,-0.413,-0.347,-0.427,-0.375,-0.347,-0.020,-0.475,-0.435,-0.762,-0.429,-0.457,-0.524,-0.388,-0.202,-0.226,-0.005,-0.276,-0.613,-0.551,-0.549,-0.436,-0.374,-0.463,-0.424,-0.178,-0.428,-0.486,-0.098,-0.297,-0.438,-0.007,-0.333,-0.449,-0.407,-0.553,-0.223,-0.054,-0.364,-0.286,-0.332,-0.191,-0.312,-0.303,-0.128,-0.596,0.058,-0.440,-0.396,-0.498,-0.358,-0.243,-0.385,-0.265,-0.447,-0.206,-0.138,-0.368,-0.410
2008-06-01,-0.393,-0.533,-0.530,-0.228,-0.407,-0.653,-0.421,-0.367,-0.345,-0.151,-0.345,-0.531,-0.565,-0.328,0.148,-0.434,-0.376,-0.512,-0.570,-0.391,-0.196,-0.423,-0.233,-0.072,-0.248,-0.444,-0.410,-0.393,-0.355,-0.431,-0.235,-0.325,-0.112,-0.305,-0.560,-0.536,-0.294,-0.304,-0.332,-0.496,-0.643,-0.328,-0.354,-0.568,-0.335,-0.401,-0.341,-0.443,-0.382,-0.619,-0.465,-0.778,-0.430,-0.095,-0.593,-0.474,-0.118,-0.211,-0.080,-0.304,-0.439,-0.437,-0.516,-0.437,-0.340,-0.503,-0.219,-0.141,-0.585,-0.603,-0.178,-0.382,-0.425,0.028,-0.363,-0.326,-0.408,-0.529,-0.252,-0.470,-0.519,-0.293,-0.354,-0.290,-0.318,-0.150,-0.202,-0.617,-0.062,-0.619,-0.379,-0.517,-0.402,-0.166,-0.480,-0.422,-0.457,-0.079,-0.352,-0.367,-0.214
2008-07-01,-0.453,-0.566,-0.707,-0.374,-0.441,-0.611,-0.362,-0.407,-0.340,-0.359,-0.366,-0.537,-0.561,-0.337,-0.136,-0.467,-0.448,-0.529,-0.610,-0.488,-0.172,-0.353,-0.257,-0.247,-0.424,-0.635,-0.449,-0.385,-0.514,-0.457,-0.279,-0.612,-0.200,-0.321,-0.427,-0.587,-0.553,-0.397,-0.398,-0.589,-0.809,-0.312,-0.361,-0.627,-0.390,-0.433,-0.331,-0.559,-0.325,-0.582,-0.448,-0.809,-0.498,-0.489,-0.532,-0.435,-0.173,-0.152,-0.231,-0.188,-0.519,-0.625,-0.557,-0.498,-0.601,-0.664,-0.530,-0.131,-0.551,-0.528,-0.095,-0.109,-0.447,-0.268,-0.412,-0.403,-0.534,-0.540,-0.300,-0.353,-0.783,-0.264,-0.400,-0.422,-0.350,-0.365,-0.367,-0.660,-0.303,-0.519,-0.388,-0.443,-0.474,-0.240,-0.617,-0.404,-0.417,-0.105,-0.186,-0.486,-0.174
2008-08-01,-0.605,-0.558,-0.750,-0.480,-0.605,-0.629,-0.508,-0.515,-0.359,-0.440,-0.482,-0.608,-0.606,-0.336,-0.226,-0.537,-0.594,-0.619,-0.691,-0.528,-0.359,-0.522,-0.427,-0.268,-0.518,-0.544,-0.564,-0.472,-0.469,-0.561,-0.380,-0.605,-0.346,-0.491,-0.456,-0.600,-0.567,-0.471,-0.502,-0.622,-0.857,-0.282,-0.472,-0.728,-0.498,-0.572,-0.434,-0.430,-0.469,-0.608,-0.441,-0.812,-0.618,-0.575,-0.527,-0.492,-0.440,-0.205,-0.493,-0.407,-0.748,-0.407,-0.607,-0.615,-0.560,-0.463,-0.434,-0.303,-0.709,-0.501,-0.256,-0.348,-0.540,-0.514,-0.560,-0.557,-0.567,-0.654,-0.371,-0.451,-0.726,-0.441,-0.558,-0.577,-0.485,-0.458,-0.408,-0.638,-0.155,-0.486,-0.437,-0.475,-0.577,-0.346,-0.403,-0.490,-0.436,-0.341,-0.461,-0.490,-0.558
2008-09-01,-0.696,-0.728,-0.825,-0.700,-0.767,-0.703,-0.531,-0.518,-0.582,-0.561,-0.702,-0.643,-0.573,-0.393,-0.252,-0.531,-0.606,-0.610,-0.750,-0.568,-0.448,-0.530,-0.419,-0.270,-0.626,-0.657,-0.630,-0.536,-0.635,-0.640,-0.577,-0.721,-0.584,-0.685,-0.593,-0.657,-0.638,-0.576,-0.439,-0.624,-0.795,-0.534,-0.526,-0.632,-0.442,-0.660,-0.366,-0.709,-0.561,-0.683,-0.529,-0.802,-0.549,-0.555,-0.527,-0.636,-0.797,-0.612,-0.589,-0.614,-0.622,-0.765,-0.612,-0.560,-0.702,-0.710,-0.451,-0.464,-0.663,-0.558,-0.491,-0.432,-0.535,-0.528,-0.631,-0.438,-0.657,-0.787,-0.610,-0.436,-0.687,-0.577,-0.627,-0.653,-0.564,-0.597,-0.361,-0.756,-0.469,-0.572,-0.573,-0.468,-0.538,-0.524,-0.672,-0.720,-0.483,-0.584,-0.608,-0.580,-0.349
2008-10-01,-0.787,-0.778,-0.883,-0.724,-0.904,-0.845,-0.708,-0.668,-0.712,-0.673,-0.753,-0.708,-0.762,-0.613,-0.596,-0.688,-0.813,-0.702,-0.790,-0.539,-0.492,-0.684,-0.357,-0.491,-0.804,-0.685,-0.674,-0.671,-0.668,-0.795,-0.740,-0.835,-0.699,-0.802,-0.728,-0.730,-0.636,-0.547,-0.608,-0.733,-0.818,-0.760,-0.658,-0.720,-0.612,-0.887,-0.505,-0.531,-0.739,-0.756,-0.512,-0.869,-0.621,-0.740,-0.622,-0.680,-0.884,-0.719,-0.757,-0.818,-0.623,-0.742,-0.593,-0.624,-0.694,-0.666,-0.484,-0.634,-0.735,-0.762,-0.677,-0.717,-0.707,-0.627,-0.711,-0.552,-0.667,-0.799,-0.702,-0.595,-0.666,-0.625,-0.711,-0.606,-0.804,-0.682,-0.610,-0.782,-0.722,-0.687,-0.550,-0.591,-0.771,-0.720,-0.620,-0.821,-0.641,-0.712,-0.712,-0.698,-0.705
2008-11-01,-0.938,-0.891,-0.806,-0.803,-0.977,-0.815,-0.776,-0.711,-0.751,-0.762,-0.782,-0.735,-0.698,-0.764,-0.641,-0.636,-0.889,-0.712,-0.818,-0.466,-0.590,-0.712,-0.723,-0.761,-0.669,-0.801,-0.728,-0.736,-0.716,-0.911,-0.873,-0.978,-0.844,-0.886,-0.799,-0.766,-0.848,-0.584,-0.843,-0.799,-0.821,-0.919,-0.804,-0.645,-0.850,-0.965,-0.578,-0.721,-0.885,-0.771,-0.569,-0.869,-0.687,-0.774,-0.630,-0.718,-0.843,-0.765,-0.842,-0.945,-0.678,-0.776,-0.725,-0.685,-0.805,-0.789,-0.682,-0.753,-0.631,-0.573,-0.853,-0.654,-0.870,-0.891,-0.799,-0.585,-0.723,-0.816,-0.740,-0.624,-0.735,-0.798,-0.799,-0.683,-0.885,-0.840,-0.917,-0.792,-0.760,-0.654,-0.588,-0.689,-0.768,-0.748,-0.768,-0.797,-0.721,-0.809,-0.961,-0.801,-0.885
2008-12-01,-0.969,-0.855,-0.763,-0.758,-0.976,-0.802,-0.739,-0.779,-0.720,-0.774,-0.867,-0.769,-0.733,-0.847,-0.927,-0.697,-0.954,-0.750,-0.822,-0.708,-0.593,-0.778,-0.664,-0.875,-0.782,-0.852,-0.717,-0.841,-0.792,-0.912,-0.880,-0.992,-0.821,-0.880,-0.866,-0.783,-0.612,-0.678,-0.812,-0.783,-0.709,-1.030,-0.813,-0.713,-0.835,-0.983,-0.522,-0.751,-1.045,-0.782,-0.553,-0.869,-0.680,-0.746,-0.878,-0.772,-0.867,-0.855,-0.862,-1.080,-0.545,-0.834,-0.732,-0.672,-0.790,-0.858,-0.769,-0.792,-0.702,-0.777,-0.587,-0.721,-0.921,-0.779,-0.783,-0.707,-0.831,-0.792,-0.665,-0.794,-0.717,-0.822,-0.787,-0.672,-0.895,-0.733,-0.985,-0.764,-0.882,-0.673,-0.647,-0.809,-1.050,-0.808,-0.834,-0.871,-0.694,-0.799,-0.974,-0.691,-0.886
2009-01-01,-1.029,-0.795,-0.731,-0.753,-0.859,-0.720,-0.737,-0.693,-0.686,-0.714,-0.775,-0.744,-0.814,-0.688,-0.523,-0.677,-0.589,-0.636,-0.810,-0.739,-0.546,-0.676,-0.829,-0.774,-0.835,-0.845,-0.616,-0.604,-0.748,-0.718,-0.654,-0.802,-0.762,-0.721,-0.713,-0.688,-0.781,-0.677,-0.579,-0.737,-0.735,-0.913,-0.725,-0.689,-0.585,-0.736,-0.593,-0.744,-0.712,-0.715,-0.648,-0.869,-0.683,-0.750,-0.690,-0.714,-0.678,-0.619,-0.823,-0.848,-0.337,-0.778,-0.701,-0.675,-0.766,-0.865,-0.764,-0.538,-0.690,-0.786,-0.746,-0.602,-0.762,-0.683,-0.551,-0.698,-0.812,-0.843,-0.804,-0.824,-0.663,-0.668,-0.549,-0.819,-0.651,-0.779,-0.695,-0.781,-0.829,-0.716,-0.670,-0.787,-0.722,-0.598,-0.837,-0.539,-0.528,-0.674,-0.841,-0.743,-0.321
2009-02-01,-0.878,-0.791,-0.656,-0.680,-0.850,-0.754,-0.801,-0.668,-0.676,-0.644,-0.694,-0.749,-0.745,-0.646,-0.647,-0.616,-0.532,-0.629,-0.816,-0.798,-0.496,-0.716,-0.807,-0.615,-0.546,-0.554,-0.705,-0.601,-0.762,-0.748,-0.678,-0.794,-0.692,-0.767,-0.652,-0.692,-0.784,-0.758,-0.620,-0.736,-0.644,-0.721,-0.730,-0.664,-0.637,-0.697,-0.652,-0.585,-0.752,-0.745,-0.736,-0.869,-0.715,-0.659,-0.644,-0.595,-0.668,-0.675,-0.859,-0.741,-0.402,-0.710,-0.676,-0.695,-0.720,-0.678,-0.797,-0.551,-0.654,-0.688,-0.767,-0.662,-0.640,-0.637,-0.623,-0.631,-0.601,-0.814,-0.800,-0.860,-0.695,-0.660,-0.619,-0.844,-0.632,-0.798,-0.554,-0.796,-0.762,-0.749,-0.720,-0.706,-0.788,-0.561,-0.796,-0.675,-0.612,-0.634,-0.814,-0.821,-0.655
2009-03-01,-0.817,-0.752,-0.638,-0.627,-0.856,-0.622,-0.737,-0.641,-0.706,-0.519,-0.649,-0.628,-0.775,-0.676,-0.620,-0.685,-0.550,-0.694,-0.817,-0.704,-0.492,-0.645,-0.823,-0.553,-0.702,-0.783,-0.734,-0.571,-0.762,-0.708,-0.674,-0.742,-0.685,-0.702,-0.624,-0.633,-0.638,-0.612,-0.529,-0.785,-0.776,-0.644,-0.690,-0.677,-0.529,-0.701,-0.520,-0.697,-0.707,-0.699,-0.704,-0.869,-0.715,-0.650,-0.659,-0.545,-0.461,-0.555,-0.836,-0.614,-0.291,-0.799,-0.666,-0.719,-0.832,-0.655,-0.805,-0.590,-0.677,-0.817,-0.665,-0.605,-0.632,-0.635,-0.547,-0.629,-0.656,-0.828,-0.712,-0.813,-0.697,-0.662,-0.535,-0.557,-0.651,-0.553,-0.808,-0.750,-0.593,-0.772,-0.820,-0.673,-0.789,-0.597,-0.811,-0.551,-0.546,-0.514,-0.739,-0.801,-0.566
2009-04-01,-0.787,-0.652,-0.617,-0.642,-0.875,-0.702,-0.627,-0.642,-0.691,-0.684,-0.751,-0.711,-0.732,-0.463,-0.616,-0.696,-0.636,-0.772,-0.845,-0.758,-0.633,-0.687,-0.797,-0.335,-0.646,-0.768,-0.787,-0.593,-0.799,-0.757,-0.677,-0.764,-0.682,-0.660,-0.721,-0.735,-0.746,-0.659,-0.510,-0.791,-0.755,-0.579,-0.724,-0.556,-0.511,-0.654,-0.572,-0.730,-0.646,-0.742,-0.799,-0.869,-0.731,-0.764,-0.626,-0.621,-0.562,-0.545,-0.843,-0.609,-0.579,-0.767,-0.716,-0.719,-0.739,-0.668,-0.873,-0.562,-0.579,-0.792,-0.815,-0.649,-0.616,-0.641,-0.607,-0.708,-0.718,-0.820,-0.717,-0.889,-0.759,-0.650,-0.605,-0.735,-0.657,-0.727,-0.758,-0.772,-0.579,-0.767,-0.861,-0.634,-0.714,-0.624,-0.822,-0.701,-0.584,-0.627,-0.726,-0.882,-0.677
2009-05-01,-0.726,-0.689,-0.572,-0.597,-0.768,-0.704,-0.630,-0.651,-0.741,-0.800,-0.752,-0.668,-0.804,-0.564,-0.611,-0.711,-0.817,-0.769,-0.847,-0.765,-0.773,-0.786,-0.877,-0.409,-0.567,-0.917,-0.782,-0.709,-0.775,-0.764,-0.686,-0.778,-0.753,-0.758,-0.734,-0.776,-0.829,-0.803,-0.656,-0.765,-0.684,-0.630,-0.759,-0.679,-0.653,-0.758,-0.718,-0.742,-0.863,-0.683,-0.699,-0.869,-0.733,-0.653,-0.740,-0.675,-0.636,-0.612,-0.658,-0.546,-0.559,-0.787,-0.738,-0.737,-0.926,-0.737,-0.866,-0.552,-0.662,-0.793,-0.782,-0.679,-0.430,-0.661,-0.592,-0.787,-0.871,-0.824,-0.469,-0.877,-0.712,-0.662,-0.593,-0.576,-0.706,-0.783,-0.714,-0.704,-0.638,-0.781,-0.878,-0.670,-0.874,-0.697,-0.727,-0.791,-0.651,-0.727,-0.836,-0.700,-0.588
2009-06-01,-0.635,-0.804,-0.633,-0.673,-0.782,-0.838,-0.680,-0.660,-0.764,-0.621,-0.729,-0.687,-0.799,-0.611,-0.769,-0.757,-0.737,-0.799,-0.827,-0.771,-0.754,-0.766,-0.807,-0.591,-0.684,-0.703,-0.797,-0.620,-0.822,-0.753,-0.699,-0.784,-0.677,-0.761,-0.759,-0.735,-0.587,-0.777,-0.574,-0.787,-0.714,-0.723,-0.705,-0.857,-0.577,-0.760,-0.595,-0.598,-0.770,-0.678,-0.762,-0.825,-0.746,-0.670,-0.803,-0.652,-0.717,-0.663,-0.642,-0.532,-0.615,-0.574,-0.712,-0.748,-0.822,-0.774,-0.824,-0.624,-0.809,-0.685,-0.661,-0.673,-0.728,-0.653,-0.636,-0.737,-0.705,-0.831,-0.538,-0.613,-0.805,-0.728,-0.630,-0.679,-0.674,-0.653,-0.589,-0.681,-0.627,-0.771,-0.875,-0.725,-0.710,-0.757,-0.783,-0.654,-0.594,-0.702,-0.722,-0.656,-0.514
2009-07-01,-0.605,-0.778,-0.665,-0.695,-0.564,-0.823,-0.699,-0.711,-0.753,-0.706,-0.705,-0.700,-0.841,-0.622,-0.743,-0.690,-0.721,-0.755,-0.837,-0.787,-0.713,-0.760,-0.945,-0.548,-0.714,-0.823,-0.798,-0.548,-0.825,-0.701,-0.683,-0.715,-0.684,-0.675,-0.637,-0.750,-0.798,-0.805,-0.642,-0.786,-0.726,-0.739,-0.755,-0.747,-0.631,-0.675,-0.667,-0.749,-0.655,-0.681,-0.689,-0.869,-0.760,-0.724,-0.777,-0.687,-0.764,-0.720,-0.533,-0.477,-0.727,-0.756,-0.761,-0.765,-0.812,-0.800,-0.787,-0.690,-0.751,-0.778,-0.641,-0.586,-0.775,-0.700,-0.563,-0.813,-0.809,-0.800,-0.526,-0.712,-0.829,-0.737,-0.551,-0.769,-0.707,-0.876,-0.604,-0.706,-0.827,-0.757,-0.897,-0.770,-0.838,-0.714,-0.831,-0.537,-0.577,-0.642,-0.728,-0.693,-0.417
2009-08-01,-0.665,-0.750,-0.747,-0.748,-0.664,-0.806,-0.743,-0.747,-0.789,-0.835,-0.756,-0.686,-0.806,-0.634,-0.892,-0.825,-0.764,-0.817,-0.874,-0.817,-0.784,-0.794,-0.943,-0.543,-0.735,-0.727,-0.815,-0.544,-0.760,-0.692,-0.724,-0.707,-0.787,-0.732,-0.664,-0.745,-0.716,-0.850,-0.711,-0.771,-0.799,-0.834,-0.795,-0.803,-0.702,-0.723,-0.763,-0.784,-0.818,-0.714,-0.787,-0.815,-0.786,-0.714,-0.684,-0.680,-0.721,-0.768,-0.437,-0.580,-0.732,-0.643,-0.774,-0.790,-0.892,-0.846,-0.810,-0.711,-0.735,-0.696,-0.863,-0.779,-0.606,-0.777,-0.615,-0.822,-0.765,-0.844,-0.640,-0.708,-0.811,-0.764,-0.611,-0.684,-0.723,-0.877,-0.770,-0.723,-0.755,-0.844,-0.884,-0.656,-0.851,-0.717,-0.869,-0.548,-0.629,-0.668,-0.760,-0.697,-0.539
2009-09-01,-0.847,-0.820,-0.706,-0.789,-0.883,-0.884,-0.796,-0.776,-0.825,-0.914,-0.793,-0.707,-0.810,-0.746,-0.736,-0.845,-0.923,-0.810,-0.893,-0.831,-0.878,-0.812,-0.902,-0.738,-0.680,-0.836,-0.828,-0.650,-0.771,-0.780,-0.839,-0.694,-0.852,-0.850,-0.766,-0.832,-0.683,-0.860,-0.723,-0.807,-0.725,-0.887,-0.858,-0.773,-0.720,-0.803,-0.793,-0.765,-0.731,-0.741,-0.774,-0.801,-0.789,-0.771,-0.755,-0.768,-0.876,-0.837,-0.782,-0.571,-0.884,-0.756,-0.787,-0.794,-0.842,-0.890,-0.894,-0.791,-0.794,-0.830,-0.895,-0.668,-0.723,-0.976,-0.665,-0.803,-0.787,-0.869,-0.612,-0.798,-0.756,-0.841,-0.661,-0.728,-0.838,-0.871,-0.753,-0.800,-0.830,-0.798,-0.904,-0.707,-0.686,-0.847,-0.843,-0.854,-0.688,-0.785,-0.940,-0.779,-0.654
2009-10-01,-0.756,-0.802,-0.825,-0.851,-0.921,-0.893,-0.826,-0.831,-0.850,-0.810,-0.537,-0.778,-0.818,-0.863,-0.797,-0.864,-0.894,-0.831,-0.898,-0.861,-0.828,-0.891,-0.864,-0.895,-0.908,-0.789,-0.844,-0.745,-0.755,-0.811,-0.897,-0.796,-0.868,-0.801,-0.746,-0.866,-0.761,-0.854,-0.867,-0.812,-0.788,-1.037,-0.843,-0.738,-0.855,-0.902,-0.829,-0.808,-0.886,-0.753,-0.837,-0.810,-0.808,-0.851,-0.726,-0.659,-0.932,-0.884,-0.853,-0.660,-0.728,-0.782,-0.785,-0.812,-0.762,-0.872,-0.923,-0.860,-0.656,-0.774,-0.934,-0.786,-0.813,-0.966,-0.740,-0.801,-0.813,-0.854,-0.693,-0.722,-0.772,-0.853,-0.741,-0.705,-0.874,-0.783,-0.931,-0.837,-0.813,-0.815,-0.921,-0.729,-0.778,-0.841,-0.850,-0.866,-0.701,-0.875,-1.004,-0.809,-0.706
2009-11-01,-0.969,-0.899,-0.901,-0.819,-1.088,-0.952,-0.864,-0.841,-0.885,-0.989,-0.863,-0.811,-0.845,-1.044,-0.888,-0.908,-1.036,-0.716,-0.902,-0.850,-0.841,-0.879,-0.927,-1.126,-0.872,-0.805,-0.897,-0.810,-0.882,-0.881,-0.961,-0.839,-0.933,-0.866,-0.780,-0.921,-0.835,-0.932,-0.960,-0.823,-0.726,-1.133,-0.851,-0.908,-0.963,-0.918,-0.817,-0.775,-0.960,-0.771,-0.822,-0.822,-0.848,-0.848,-0.773,-0.892,-1.051,-0.934,-0.898,-0.850,-0.925,-0.818,-0.828,-0.848,-0.837,-0.906,-0.879,-0.934,-0.869,-1.070,-0.930,-0.917,-0.787,-0.857,-0.811,-0.877,-0.970,-0.879,-0.775,-0.876,-0.875,-0.885,-0.816,-0.975,-0.909,-0.931,-0.962,-0.803,-0.883,-0.862,-0.944,-0.798,-0.761,-0.949,-0.922,-0.968,-0.811,-0.888,-0.981,-0.852,-0.842
2009-12-01,-1.029,-0.852,-0.976,-0.841,-1.107,-0.914,-1.020,-0.863,-0.918,-1.069,-0.932,-0.754,-0.882,-1.143,-1.034,-0.911,-1.060,-0.867,-0.910,-0.916,-0.880,-0.925,-0.962,-1.284,-0.915,-0.902,-0.883,-0.933,-0.902,-0.924,-1.040,-0.875,-1.025,-0.944,-0.972,-1.017,-0.937,-1.004,-0.970,-0.846,-0.776,-1.280,-0.894,-0.909,-0.974,-0.986,-0.816,-0.859,-1.033,-0.811,-0.960,-0.827,-0.834,-0.833,-1.017,-0.841,-1.081,-0.962,-0.932,-0.984,-0.895,-0.837,-0.860,-0.833,-0.814,-1.016,-0.912,-1.005,-0.905,-1.070,-1.119,-0.945,-0.815,-1.022,-0.920,-0.902,-0.955,-0.857,-0.707,-0.987,-0.854,-0.980,-0.924,-1.002,-1.040,-1.025,-1.238,-0.809,-0.989,-0.927,-0.923,-0.831,-1.164,-1.021,-0.998,-1.132,-0.848,-0.979,-1.001,-0.678,-1.039
2010-01-01,-1.029,-0.874,-0.885,-0.776,-0.970,-0.856,-0.726,-0.771,-0.857,-0.928,-0.793,-0.765,-0.881,-1.092,-0.972,-0.914,-0.922,-0.830,-0.901,-0.895,-0.960,-0.858,-0.937,-1.187,-0.821,-0.799,-0.878,-0.725,-0.872,-0.684,-0.786,-0.770,-0.907,-0.669,-0.784,-0.865,-0.857,-0.961,-0.822,-0.792,-0.704,-1.133,-0.783,-0.845,-0.818,-0.696,-0.825,-0.847,-0.710,-0.724,-0.957,-0.826,-0.868,-0.821,-0.781,-0.774,-0.825,-0.906,-0.888,-0.870,-0.756,-0.839,-0.852,-0.867,-0.779,-0.783,-0.921,-0.873,-0.792,-0.843,-1.166,-0.873,-0.746,-0.887,-0.746,-0.889,-0.903,-0.841,-0.755,-0.912,-0.864,-0.807,-0.746,-0.988,-0.787,-0.890,-0.912,-0.814,-0.916,-0.851,-0.939,-0.788,-0.865,-0.792,-0.880,-0.953,-0.795,-0.877,-0.890,-0.838,-0.739
2010-02-01,-0.938,-0.878,-0.835,-0.774,-0.962,-0.899,-0.735,-0.788,-0.865,-0.915,-0.874,-0.805,-0.814,-1.123,-1.005,-0.924,-0.839,-0.861,-0.888,-0.882,-0.857,-0.842,-0.889,-1.238,-0.843,-0.697,-0.909,-0.707,-0.770,-0.768,-0.844,-0.732,-0.880,-0.815,-0.787,-0.932,-0.775,-0.933,-0.876,-0.800,-0.651,-1.032,-0.820,-0.836,-0.880,-0.764,-0.885,-0.847,-0.679,-0.776,-0.989,-0.869,-0.874,-0.831,-0.779,-0.670,-0.894,-0.904,-1.078,-0.816,-0.820,-0.786,-0.836,-0.874,-0.800,-0.741,-0.963,-0.913,-0.796,-0.766,-1.131,-0.872,-0.751,-0.895,-0.823,-0.831,-0.824,-0.857,-0.787,-0.933,-0.844,-0.797,-0.829,-0.894,-0.809,-0.927,-0.921,-0.849,-0.909,-0.868,-0.942,-0.849,-0.910,-0.850,-0.867,-0.902,-0.787,-0.840,-0.813,-0.897,-0.748
2010-03-01,-0.665,-0.847,-0.720,-0.787,-0.879,-0.929,-0.851,-0.744,-0.864,-0.797,-0.857,-0.825,-0.808,-0.958,-0.911,-0.897,-0.828,-0.833,-0.892,-0.832,-0.809,-0.821,-0.946,-0.981,-0.801,-0.646,-0.910,-0.646,-0.706,-0.779,-0.852,-0.730,-0.798,-0.831,-0.727,-0.872,-0.847,-0.859,-0.805,-0.781,-0.556,-0.781,-0.825,-0.901,-0.795,-0.721,-0.898,-0.883,-0.714,-0.751,-0.988,-0.869,-0.860,-0.788,-0.809,-0.593,-0.843,-0.878,-1.089,-0.636,-0.787,-0.815,-0.815,-0.859,-0.742,-0.669,-0.912,-0.910,-0.820,-0.794,-1.099,-0.891,-0.732,-0.896,-0.792,-0.834,-0.696,-0.853,-0.843,-0.910,-0.803,-0.797,-0.795,-0.673,-0.784,-0.814,-0.988,-0.828,-0.837,-0.840,-0.951,-0.825,-0.779,-0.841,-0.789,-0.814,-0.748,-0.910,-0.765,-0.826,-0.709
2010-04-01,-0.514,-0.791,-0.648,-0.813,-0.940,-0.891,-0.769,-0.796,-0.887,-0.826,-0.867,-0.820,-0.841,-0.901,-0.712,-0.928,-0.696,-0.914,-0.898,-0.855,-0.880,-0.859,-0.878,-0.886,-0.815,-0.700,-0.897,-0.676,-0.739,-0.826,-0.882,-0.763,-0.764,-0.912,-0.790,-0.933,-0.823,-0.869,-0.827,-0.778,-0.593,-0.697,-0.873,-0.886,-0.821,-0.788,-0.920,-0.773,-0.656,-0.833,-0.932,-0.869,-0.889,-0.822,-0.796,-0.721,-0.825,-0.859,-1.099,-0.340,-0.914,-0.787,-0.813,-0.890,-0.729,-0.692,-0.916,-0.885,-0.825,-0.739,-1.067,-0.885,-0.889,-0.897,-0.831,-0.839,-0.834,-0.851,-0.813,-0.935,-0.796,-0.872,-0.830,-0.719,-0.814,-0.818,-0.906,-0.818,-0.678,-0.890,-0.951,-0.829,-0.664,-0.878,-0.837,-0.858,-0.824,-0.820,-0.968,-0.887,-0.732
2010-05-01,-0.969,-0.832,-0.647,-0.864,-0.979,-0.962,-0.848,-0.875,-0.922,-0.827,-0.950,-0.811,-0.886,-0.931,-0.864,-0.914,-0.984,-0.865,-0.895,-0.947,-0.913,-0.895,-0.921,-0.939,-0.840,-0.763,-0.946,-0.856,-0.840,-0.895,-0.952,-0.766,-0.778,-0.856,-0.871,-0.923,-0.832,-0.956,-0.929,-0.805,-0.499,-0.787,-0.902,-0.862,-0.922,-0.901,-0.912,-0.799,-0.808,-0.802,-0.981,-0.869,-0.895,-0.839,-0.881,-0.789,-0.847,-0.921,-1.095,-0.771,-0.982,-0.850,-0.848,-0.896,-0.858,-0.886,-0.923,-0.885,-0.784,-1.070,-1.090,-0.903,-0.922,-0.927,-0.887,-0.880,-0.809,-0.888,-0.854,-1.036,-0.733,-0.929,-0.885,-0.898,-0.856,-0.785,-0.996,-0.838,-0.831,-0.895,-0.954,-0.812,-0.867,-0.969,-0.897,-0.926,-0.852,-0.899,-0.897,-0.862,-0.849
2010-06-01,-0.908,-0.817,-0.739,-0.910,-1.070,-0.916,-0.904,-0.900,-0.934,-0.750,-0.894,-0.836,-0.914,-0.974,-0.926,-0.927,-1.063,-0.874,-0.880,-0.910,-1.042,-0.879,-0.943,-1.084,-0.868,-0.866,-0.908,-0.816,-0.808,-0.903,-0.946,-0.781,-0.692,-0.818,-0.882,-0.974,-0.934,-0.920,-0.790,-0.848,-0.519,-0.916,-0.887,-0.868,-0.782,-0.840,-0.932,-0.826,-0.753,-0.816,-0.977,-0.869,-0.906,-0.790,-0.947,-0.845,-0.839,-0.942,-1.125,-0.737,-0.852,-0.883,-0.832,-0.905,-0.863,-0.869,-0.900,-0.868,-0.815,-1.070,-1.033,-0.831,-0.937,-0.774,-0.852,-0.868,-0.882,-0.868,-0.856,-1.006,-0.827,-0.887,-0.845,-0.830,-0.898,-0.784,-1.026,-0.855,-0.859,-0.914,-0.938,-0.957,-0.859,-0.924,-0.894,-0.937,-0.819,-0.880,-0.790,-0.802,-0.839
2010-07-01,-0.969,-0.875,-0.828,-0.924,-0.911,-0.923,-1.069,-0.967,-0.893,-0.804,-0.980,-0.866,-0.858,-0.945,-0.951,-0.943,-0.813,-0.873,-0.888,-0.975,-1.076,-0.899,-0.937,-1.071,-0.890,-0.826,-0.888,-0.988,-0.847,-0.971,-0.977,-0.811,-0.799,-0.951,-0.906,-1.046,-0.819,-1.016,-1.015,-0.843,-0.759,-0.998,-0.913,-0.854,-1.006,-0.917,-0.988,-0.830,-0.816,-0.831,-1.074,-0.869,-0.922,-0.899,-0.972,-0.860,-0.872,-0.852,-1.049,-0.874,-0.942,-0.851,-0.867,-0.921,-0.874,-0.924,-0.924,-0.902,-0.878,-0.808,-1.047,-0.891,-0.953,-0.952,-0.934,-0.920,-0.935,-0.868,-0.908,-0.774,-0.796,-0.922,-0.930,-0.932,-0.905,-0.851,-0.860,-0.844,-0.863,-0.861,-0.945,-0.944,-0.945,-1.013,-0.916,-0.858,-0.944,-0.876,-0.865,-0.827,-0.860
2010-08-01,-1.060,-0.991,-0.991,-0.920,-0.983,-0.939,-1.035,-0.948,-0.934,-0.862,-0.956,-0.841,-0.877,-0.974,-1.046,-0.931,-0.975,-0.875,-0.904,-0.980,-1.092,-0.913,-0.954,-1.027,-0.924,-0.790,-0.931,-1.003,-0.860,-0.984,-0.996,-0.870,-0.872,-0.965,-0.906,-1.055,-0.892,-1.016,-0.932,-0.854,-0.927,-0.951,-0.924,-0.867,-0.927,-0.918,-0.983,-0.841,-0.831,-0.866,-1.031,-0.869,-0.947,-0.871,-0.962,-0.909,-0.934,-0.872,-0.860,-0.950,-0.786,-0.849,-0.874,-0.945,-1.000,-0.925,-0.953,-0.930,-0.846,-0.801,-0.966,-0.916,-0.909,-0.976,-0.897,-0.912,-0.913,-0.893,-0.890,-0.749,-0.814,-0.923,-0.897,-0.999,-0.898,-0.872,-0.862,-0.851,-0.912,-0.883,-0.959,-0.922,-0.993,-0.982,-0.852,-1.086,-0.932,-0.868,-1.018,-0.838,-0.945
2010-09-01,-0.999,-0.975,-1.034,-0.989,-1.013,-0.987,-1.022,-0.971,-0.945,-1.040,-1.029,-0.923,-0.940,-0.997,-1.074,-0.932,-1.001,-0.905,-0.917,-1.017,-1.151,-0.925,-0.976,-1.074,-0.980,-0.831,-0.929,-1.101,-0.901,-1.070,-1.091,-0.930,-0.929,-1.055,-0.937,-0.632,-0.971,-1.063,-1.016,-0.871,-0.981,-1.040,-0.968,-0.889,-1.015,-1.016,-1.053,-1.062,-0.875,-0.865,-1.008,-0.869,-0.960,-0.919,-0.899,-0.927,-1.075,-0.951,-0.714,-0.978,-0.897,-0.821,-0.872,-0.958,-0.984,-0.875,-0.975,-0.984,-0.866,-0.879,-1.093,-0.977,-0.838,-1.030,-0.990,-0.958,-0.918,-0.898,-0.907,-0.811,-0.862,-0.956,-0.996,-0.903,-1.024,-1.100,-1.114,-0.858,-0.956,-0.906,-0.969,-0.927,-0.950,-1.090,-0.858,-1.122,-0.997,-0.932,-1.041,-0.862,-1.013
2010-10-01,-1.060,-0.953,-1.078,-1.012,-1.047,-0.981,-0.997,-0.959,-0.985,-1.137,-1.028,-0.949,-0.881,-1.064,-1.090,-0.974,-0.915,-0.925,-0.929,-1.024,-1.183,-0.960,-0.995,-1.151,-0.992,-0.956,-0.964,-1.145,-0.974,-1.092,-1.124,-1.018,-1.012,-1.042,-1.005,-0.914,-0.993,-1.067,-1.120,-0.880,-0.994,-1.106,-0.994,-0.928,-1.123,-1.053,-0.973,-0.881,-1.022,-0.844,-1.001,-0.869,-0.962,-0.976,-0.945,-0.948,-1.086,-0.982,-0.772,-1.058,-0.962,-0.804,-0.892,-0.960,-0.883,-0.971,-0.999,-1.046,-0.860,-0.842,-1.142,-1.030,-0.963,-1.027,-1.024,-0.974,-0.955,-0.893,-0.890,-0.869,-0.881,-1.036,-1.028,-1.022,-1.050,-1.093,-1.019,-0.829,-0.895,-0.865,-0.969,-0.944,-1.045,-1.119,-0.935,-1.104,-1.026,-0.964,-1.038,-0.877,-1.167
2010-11-01,-1.151,-1.007,-1.127,-1.018,-1.089,-0.988,-1.090,-0.967,-0.981,-1.126,-1.035,-0.944,-0.922,-1.145,-1.227,-0.993,-1.217,-0.930,-0.930,-1.057,-1.226,-0.975,-0.987,-1.332,-0.948,-0.986,-0.967,-1.189,-0.991,-1.126,-1.180,-1.092,-1.110,-1.113,-1.059,-1.111,-0.971,-1.115,-1.095,-0.898,-1.088,-1.297,-1.014,-0.946,-1.112,-1.123,-1.044,-0.897,-1.157,-0.876,-0.984,-0.869,-0.982,-0.951,-0.999,-1.068,-1.087,-1.017,-0.910,-1.155,-0.968,-0.929,-0.906,-0.978,-0.843,-0.960,-0.983,-1.066,-0.882,-0.854,-1.259,-1.048,-1.107,-1.119,-1.082,-1.001,-0.981,-0.928,-0.932,-0.951,-0.902,-1.049,-1.085,-1.073,-1.110,-1.085,-1.225,-0.859,-1.011,-0.934,-0.975,-0.944,-1.078,-1.159,-0.968,-1.167,-1.064,-1.046,-1.102,-0.938,-1.316
2010-12-01,-1.060,-0.971,-1.191,-1.035,-1.144,-1.008,-1.096,-1.008,-1.008,-1.067,-1.121,-0.979,-0.926,-1.228,-1.093,-1.035,-1.176,-0.932,-0.939,-1.063,-1.253,-1.004,-1.007,-1.425,-1.077,-1.030,-0.977,-1.233,-1.036,-1.157,-1.224,-1.169,-1.161,-1.178,-1.150,-0.815,-1.063,-1.140,-1.204,-0.895,-1.099,-1.351,-1.049,-0.938,-1.215,-1.177,-1.065,-0.903,-1.225,-0.898,-1.035,-0.869,-0.973,-0.976,-1.188,-0.973,-1.085,-1.041,-0.947,-1.245,-1.050,-0.896,-0.922,-0.970,-1.014,-1.072,-1.150,-1.099,-0.886,-1.070,-1.107,-1.087,-1.171,-1.086,-1.135,-0.995,-0.969,-0.901,-1.035,-0.920,-0.908,-1.072,-1.140,-1.035,-1.234,-1.079,-1.135,-0.875,-1.017,-0.936,-0.979,-0.989,-1.374,-1.212,-1.018,-1.196,-1.093,-1.003,-1.189,-0.857,-1.333
2011-01-01,-1.120,-0.966,-1.041,-0.988,-0.880,-0.928,-0.972,-0.935,-0.971,-0.933,-0.924,-0.942,-0.914,-1.101,-0.961,-0.970,-0.960,-0.888,-0.925,-0.994,-0.946,-0.936,-1.026,-1.247,-0.979,-0.861,-0.955,-0.926,-0.934,-0.917,-0.959,-0.808,-1.015,-0.879,-0.885,-0.751,-0.859,-1.044,-1.007,-0.864,-0.955,-1.026,-0.952,-0.867,-1.002,-0.835,-1.084,-0.903,-0.924,-0.862,-0.952,-0.869,-0.965,-0.949,-0.851,-0.956,-0.950,-0.948,-0.868,-1.034,-0.956,-0.828,-0.915,-0.964,-0.943,-0.890,-0.972,-0.940,-0.924,-0.891,-0.873,-0.986,-0.951,-0.991,-0.964,-1.039,-0.868,-0.895,-1.041,-1.029,-0.971,-0.916,-0.968,-1.001,-0.920,-0.939,-0.813,-0.839,-0.950,-0.921,-0.993,-0.971,-0.896,-0.941,-0.871,-0.656,-0.955,-0.919,-0.837,-0.862,-0.881
2011-02-01,-1.090,-0.996,-0.915,-0.976,-0.789,-0.939,-0.979,-0.946,-0.982,-0.860,-0.986,-0.938,-0.861,-1.031,-0.888,-0.964,-0.864,-0.900,-0.923,-0.977,-0.975,-0.962,-0.941,-1.099,-0.972,-0.886,-0.954,-0.963,-0.884,-0.945,-0.974,-0.760,-0.938,-0.943,-0.871,-1.028,-0.910,-0.996,-1.052,-0.854,-0.847,-0.781,-0.934,-0.943,-1.048,-0.850,-1.082,-1.062,-1.020,-0.845,-1.002,-0.869,-0.951,-0.967,-0.866,-0.843,-0.940,-0.974,-0.850,-0.980,-1.070,-0.844,-0.908,-0.949,-0.846,-0.779,-1.010,-0.923,-0.982,-0.866,-1.052,-1.024,-0.968,-0.929,-0.989,-1.028,-0.866,-0.894,-1.049,-0.882,-0.935,-0.887,-0.990,-0.540,-0.944,-0.832,-0.816,-0.832,-0.911,-0.901,-0.990,-0.935,-1.007,-0.973,-0.821,-0.669,-0.955,-0.934,-0.977,-0.877,-0.889
2011-03-01,-0.908,-0.970,-0.799,-0.976,-0.833,-0.951,-0.994,-0.943,-0.961,-0.871,-0.920,-0.946,-0.892,-0.950,-0.900,-0.956,-0.753,-0.910,-0.921,-0.938,-0.838,-0.942,-0.933,-0.958,-0.916,-0.888,-0.955,-0.875,-0.805,-0.933,-0.983,-0.724,-0.825,-0.925,-0.834,-0.873,-0.832,-0.856,-0.979,-0.874,-0.794,-0.694,-0.971,-0.931,-0.965,-0.871,-1.090,-0.931,-0.958,-0.844,-0.960,-0.869,-0.969,-0.899,-0.770,-0.774,-0.825,-0.919,-0.787,-0.903,-1.058,-0.936,-0.907,-0.967,-0.727,-0.763,-0.992,-0.932,-0.924,-0.846,-0.983,-0.943,-0.854,-0.857,-0.950,-0.986,-0.924,-0.899,-1.060,-0.854,-0.904,-0.903,-0.950,-0.481,-0.925,-0.846,-0.829,-0.869,-0.834,-0.888,-0.995,-0.981,-0.884,-0.978,-0.802,-0.689,-0.993,-0.955,-0.900,-0.933,-0.856
2011-04-01,-0.847,-0.964,-0.858,-1.015,-0.919,-0.972,-0.962,-0.945,-0.967,-0.937,-0.933,-0.954,-0.932,-0.907,-0.889,-1.003,-0.623,-0.930,-0.924,-0.940,-0.785,-0.920,-0.968,-0.878,-0.980,-0.941,-0.939,-0.953,-0.858,-0.966,-1.002,-0.918,-0.846,-0.956,-0.895,-0.996,-0.895,-0.944,-0.988,-0.878,-1.028,-0.700,-0.928,-0.979,-0.982,-0.881,-1.089,-1.062,-0.974,-0.822,-0.962,-0.869,-0.968,-0.944,-0.776,-0.927,-0.797,-0.935,-0.797,-0.892,-1.017,-0.789,-0.906,-0.965,-0.818,-0.766,-1.018,-0.927,-1.001,-0.926,-0.880,-1.000,-0.918,-0.918,-1.009,-1.043,-0.934,-0.881,-1.026,-1.017,-0.898,-0.880,-1.005,-0.867,-0.954,-0.896,-0.774,-0.842,-0.767,-0.908,-0.994,-1.008,-0.886,-0.982,-0.809,-0.809,-1.056,-0.933,-0.904,-0.957,-0.882
2011-05-01,-0.908,-1.031,-0.880,-0.984,-0.811,-0.963,-0.981,-0.909,-0.966,-0.955,-0.961,-0.967,-0.910,-0.830,-0.862,-1.007,-0.941,-0.931,-0.922,-0.966,-0.897,-0.931,-0.978,-0.858,-0.956,-0.943,-0.938,-0.998,-0.861,-0.967,-1.003,-0.846,-0.850,-0.952,-0.924,-0.734,-0.923,-0.974,-1.029,-0.872,-1.013,-0.697,-0.981,-0.899,-1.035,-0.903,-1.111,-0.898,-0.991,-0.846,-0.914,-0.869,-0.981,-0.942,-0.817,-0.983,-0.827,-0.935,-0.767,-0.896,-1.096,-0.875,-0.928,-0.979,-0.966,-0.739,-1.008,-0.958,-0.931,-0.810,-0.784,-1.001,-1.010,-0.880,-1.007,-1.057,-0.903,-0.892,-1.006,-1.033,-0.808,-0.923,-1.011,-1.098,-0.987,-0.872,-0.907,-0.858,-0.822,-0.935,-0.994,-1.026,-1.075,-0.989,-0.655,-0.869,-1.041,-0.933,-0.889,-0.967,-0.981
2011-06-01,-0.908,-1.010,-0.891,-0.979,-0.853,-0.934,-1.047,-0.987,-0.979,-0.900,-0.938,-0.967,-0.943,-0.778,-1.058,-0.987,-0.801,-0.928,-0.914,-0.979,-0.914,-0.931,-0.979,-0.949,-0.981,-0.932,-0.958,-0.996,-0.987,-0.961,-0.997,-0.791,-0.736,-0.915,-0.934,-1.040,-0.912,-0.969,-0.967,-0.894,-0.967,-0.689,-0.945,-0.960,-0.949,-0.897,-1.114,-0.914,-0.978,-0.860,-0.914,-0.869,-0.978,-0.923,-0.855,-0.954,-0.864,-0.934,-0.799,-0.866,-0.962,-0.898,-0.922,-0.975,-0.835,-0.936,-1.012,-0.962,-0.959,-0.918,-0.753,-0.998,-0.924,-0.857,-1.016,-1.019,-0.890,-0.881,-0.983,-1.104,-0.902,-0.854,-1.017,-0.895,-0.961,-0.839,-0.933,-0.846,-0.895,-0.961,-1.002,-1.027,-1.015,-1.018,-0.897,-0.721,-1.000,-0.934,-0.931,-0.933,-0.935
2011-07-01,-0.938,-0.669,-0.922,-1.007,-0.838,-0.979,-1.082,-1.000,-0.983,-0.939,-0.978,-0.985,-0.944,-0.774,-0.920,-0.972,-0.808,-0.944,-0.918,-0.963,-1.025,-0.983,-1.007,-0.970,-1.054,-1.013,-0.968,-1.028,-0.958,-0.934,-0.983,-0.892,-0.771,-0.917,-0.858,-0.913,-0.928,-1.007,-1.022,-0.901,-0.974,-0.841,-0.977,-0.931,-1.016,-0.884,-1.097,-0.927,-1.054,-0.853,-0.889,-0.869,-0.975,-0.950,-0.792,-0.969,-0.915,-0.962,-0.736,-0.901,-1.033,-0.842,-0.924,-0.973,-0.932,-0.893,-1.029,-0.990,-0.969,-1.070,-0.773,-0.933,-0.965,-0.919,-1.059,-1.042,-0.900,-0.900,-1.006,-0.975,-0.804,-0.925,-1.060,-0.828,-0.914,-0.915,-0.855,-0.840,-0.894,-0.947,-0.998,-1.082,-1.001,-1.055,-0.858,-0.733,-1.080,-0.950,-0.956,-0.915,-0.992
2011-08-01,-0.999,-0.896,-0.963,-1.026,-0.873,-0.971,-1.039,-1.000,-1.003,-1.031,-0.979,-0.989,-0.918,-0.953,-1.064,-0.987,-0.945,-0.899,-0.930,-0.955,-1.068,-0.962,-0.962,-1.032,-1.014,-0.987,-0.984,-1.032,-1.001,-1.001,-1.042,-0.856,-0.835,-0.949,-0.940,-0.948,-0.926,-0.992,-0.981,-0.919,-0.979,-0.910,-0.969,-0.998,-0.980,-0.915,-1.103,-0.901,-1.054,-0.882,-0.953,-0.869,-0.990,-0.955,-0.832,-0.915,-0.922,-0.997,-0.789,-0.907,-0.940,-0.896,-0.926,-0.987,-0.947,-0.966,-1.049,-1.021,-1.085,-0.893,-0.669,-0.988,-0.923,-0.989,-1.062,-1.033,-0.933,-0.898,-1.053,-1.031,-0.869,-0.974,-1.064,-1.067,-1.021,-0.998,-0.837,-0.827,-0.930,-0.915,-0.998,-1.034,-0.980,-1.079,-0.902,-0.763,-1.027,-0.942,-0.968,-0.906,-0.999
2011-09-01,-1.029,-0.914,-1.042,-1.019,-0.961,-0.986,-1.092,-1.014,-0.996,-1.025,-1.031,-0.995,-0.938,-0.886,-1.154,-0.982,-0.989,-0.944,-0.942,-0.998,-1.072,-0.969,-1.028,-0.972,-1.021,-0.938,-0.963,-1.124,-1.053,-1.029,-1.081,-0.937,-0.930,-1.032,-0.966,-0.879,-0.955,-1.039,-1.100,-0.923,-0.985,-0.988,-1.019,-0.968,-1.095,-0.987,-1.112,-0.882,-1.140,-0.896,-0.992,-0.869,-1.002,-0.971,-0.908,-0.955,-1.031,-0.993,-0.795,-1.086,-1.010,-0.842,-0.938,-0.999,-0.870,-1.001,-1.008,-1.056,-0.974,-0.944,-0.907,-0.951,-0.861,-1.031,-1.100,-1.055,-0.959,-0.903,-1.073,-0.994,-0.943,-1.008,-1.107,-0.906,-1.045,-0.972,-1.035,-0.810,-0.982,-0.944,-1.009,-1.013,-1.065,-1.119,-0.946,-0.944,-1.114,-1.012,-1.003,-0.965,-1.121
2011-10-01,-0.999,-0.943,-1.073,-1.052,-0.981,-0.984,-1.069,-1.020,-1.000,-1.169,-1.036,-1.003,-0.939,-0.950,-1.044,-1.041,-0.962,-0.943,-0.942,-1.005,-1.153,-0.979,-0.992,-1.047,-1.082,-1.041,-0.983,-1.108,-0.973,-1.033,-1.103,-1.074,-1.025,-1.057,-0.973,-1.055,-0.960,-1.045,-1.099,-0.915,-1.043,-1.117,-1.013,-1.003,-1.096,-1.014,-1.111,-0.962,-1.162,-0.883,-0.990,-0.869,-1.009,-0.995,-0.958,-0.982,-1.048,-1.012,-0.864,-1.054,-1.017,-0.876,-0.947,-1.005,-0.905,-0.875,-1.011,-1.071,-1.047,-0.938,-0.936,-1.062,-0.989,-1.070,-1.093,-1.053,-0.969,-0.907,-1.086,-0.920,-0.975,-1.023,-1.097,-1.029,-1.030,-1.149,-1.057,-0.861,-1.038,-0.960,-0.998,-1.068,-1.040,-1.149,-0.849,-1.030,-1.123,-1.011,-0.999,-0.996,-1.264
2011-11-01,-1.060,-0.928,-1.089,-1.087,-1.052,-0.978,-1.099,-1.043,-1.005,-1.142,-1.040,-0.989,-0.961,-1.053,-1.054,-1.016,-1.144,-0.954,-0.946,-1.037,-1.050,-1.006,-1.013,-1.202,-1.028,-1.034,-0.991,-1.200,-1.004,-1.108,-1.167,-1.044,-1.130,-1.089,-1.001,-1.041,-0.957,-1.013,-1.136,-0.908,-1.086,-1.187,-1.045,-1.006,-1.132,-1.069,-1.151,-0.967,-1.184,-0.880,-1.026,-0.869,-1.011,-0.997,-1.033,-0.993,-1.099,-1.043,-1.049,-1.146,-1.149,-0.917,-0.948,-1.008,-0.977,-0.889,-1.027,-1.115,-1.053,-1.070,-0.997,-1.045,-0.857,-1.098,-1.134,-1.052,-0.969,-0.908,-1.125,-1.130,-0.968,-1.065,-1.141,-1.096,-1.127,-1.116,-1.189,-0.879,-1.099,-0.971,-1.013,-1.085,-1.147,-1.178,-0.790,-1.043,-1.164,-1.032,-1.065,-1.046,-1.194
2011-12-01,-1.029,-0.951,-1.129,-1.106,-1.037,-1.020,-1.091,-1.046,-1.027,-1.216,-1.064,-1.009,-0.976,-1.072,-1.176,-1.034,-1.148,-0.933,-0.947,-1.062,-1.027,-1.006,-1.029,-1.307,-1.086,-1.116,-1.002,-1.211,-1.009,-1.075,-1.176,-1.085,-1.167,-1.115,-1.100,-0.902,-1.007,-0.323,-1.217,-0.925,-1.104,-1.233,-1.029,-1.005,-1.226,-1.087,-1.123,-0.933,-1.214,-0.888,-1.008,-0.869,-1.015,-1.029,-1.190,-1.021,-1.122,-1.073,-1.055,-1.201,-1.138,-0.930,-0.957,-1.012,-0.979,-0.916,-1.073,-1.124,-1.035,-0.954,-1.046,-1.136,-1.018,-1.105,-1.191,-1.087,-1.017,-0.906,-1.137,-1.083,-0.948,-1.071,-1.198,-1.144,-1.158,-1.190,-1.173,-0.877,-1.137,-0.967,-1.014,-1.086,-1.366,-1.201,-0.819,-1.219,-1.193,-1.034,-1.034,-0.907,-1.298
2012-01-01,-1.060,-0.973,-1.087,-1.094,-0.952,-0.972,-0.993,-0.988,-1.009,-1.027,-0.951,-0.995,-0.919,-1.026,-1.168,-1.025,-0.928,-0.902,-0.945,-1.001,-1.079,-0.957,-1.018,-1.199,-1.021,-0.994,-0.980,-1.084,-0.938,-0.899,-0.972,-0.935,-1.078,-0.920,-0.918,-0.888,-0.957,-0.905,-1.090,-0.910,-1.069,-1.145,-0.971,-0.972,-1.085,-0.845,-1.122,-0.943,-1.139,-0.867,-1.031,-0.869,-1.013,-1.006,-0.996,-1.032,-1.019,-1.008,-1.030,-1.067,-1.039,-0.838,-0.943,-1.009,-0.937,-0.804,-1.076,-1.036,-1.026,-0.915,-1.070,-1.036,-0.939,-1.035,-1.067,-1.073,-0.992,-0.911,-1.106,-1.085,-0.975,-0.946,-1.073,-1.095,-0.904,-1.046,-0.981,-0.878,-1.063,-0.936,-1.012,-1.064,-1.033,-1.008,-0.821,-0.902,-1.145,-0.999,-0.938,-0.999,-1.031
2012-02-01,-0.847,-0.953,-1.042,-1.096,-0.783,-0.866,-0.979,-0.987,-1.005,-0.987,-0.912,-0.984,-0.871,-0.959,-1.112,-1.046,-0.859,-0.922,-0.947,-0.949,-0.875,-0.960,-0.970,-1.072,-1.028,-0.979,-0.980,-1.076,-1.006,-0.905,-0.975,-0.864,-1.005,-0.908,-0.907,-0.895,-0.954,-0.971,-1.072,-0.894,-1.099,-0.828,-1.001,-1.012,-1.071,-0.821,-1.114,-0.930,-1.141,-0.874,-1.036,-0.869,-1.017,-1.008,-1.012,-0.951,-0.171,-0.964,-0.992,-1.008,-1.064,-0.853,-0.947,-1.012,-0.873,-0.877,-0.985,-1.094,-1.046,-0.871,-1.125,-1.027,-0.981,-0.995,-1.061,-1.078,-0.968,-0.909,-1.152,-1.026,-0.990,-0.956,-1.070,-1.110,-0.961,-1.005,-1.026,-0.896,-1.113,-0.927,-1.012,-1.079,-1.044,-0.989,-0.892,-0.959,-1.139,-1.020,-0.851,-1.015,-1.064
2012-03-01,-0.726,-0.927,-0.920,-1.096,-0.730,-0.883,-0.985,-0.996,-1.012,-0.982,-0.883,-0.975,-0.872,-0.898,-1.001,-0.704,-0.893,-0.928,-0.942,-0.938,-0.859,-0.963,-0.963,-0.980,-0.994,-0.978,-0.985,-1.059,-1.013,-0.921,-0.962,-0.847,-0.928,-0.927,-0.906,-0.929,-0.875,-0.966,-1.099,-0.887,-1.088,-0.813,-0.980,-0.981,-1.099,-0.825,-1.110,-0.951,-1.047,-0.891,-1.123,-0.869,-1.010,-1.010,-1.063,-0.968,-0.784,-0.981,-0.987,-0.926,-1.039,-0.802,-0.956,-1.007,-0.869,-0.848,-1.068,-1.102,-1.034,-0.872,-1.012,-1.096,-0.958,-0.996,-1.062,-1.062,-0.988,-0.908,-1.139,-0.985,-0.941,-0.918,-1.065,-0.972,-0.898,-1.042,-1.034,-0.896,-1.012,-0.948,-1.016,-1.060,-0.967,-1.018,-0.944,-0.833,-1.152,-0.977,-0.760,-1.021,-1.041
2012-04-01,-0.726,-0.940,-0.876,-1.122,-0.786,-0.867,-0.965,-0.993,-1.003,-0.978,-0.926,-0.987,-0.886,-0.827,-1.010,-0.737,-0.953,-0.962,-0.946,-0.930,-0.888,-0.950,-1.005,-0.869,-0.999,-1.024,-0.976,-0.995,-0.994,-0.931,-0.961,-0.948,-0.949,-0.887,-0.875,-0.961,-0.932,-0.975,-1.098,-0.897,-1.067,-0.721,-0.989,-0.957,-1.098,-0.802,-1.125,-1.062,-1.112,-0.878,-1.061,-0.869,-1.018,-0.976,-0.973,-0.991,-1.018,-0.969,-0.977,-0.899,-1.082,-0.798,-0.949,-1.015,-0.879,-0.885,-1.150,-1.103,-1.030,-0.867,-0.930,-1.043,-0.899,-1.007,-1.083,-1.050,-0.980,-0.928,-1.124,-1.045,-0.877,-0.882,-1.088,-1.042,-0.890,-1.013,-1.123,-0.900,-1.019,-0.953,-1.015,-1.057,-0.879,-1.047,-0.942,-1.041,-1.177,-0.993,-0.862,-1.092,-1.011
2012-05-01,-0.696,-0.930,-0.864,-1.128,-0.798,-0.887,-1.035,-0.980,-0.994,-0.968,-0.833,-0.972,-0.901,-0.786,-1.010,-0.871,-1.059,-0.949,-0.941,-0.948,-1.023,-0.955,-0.999,-0.868,-1.036,-0.983,-0.988,-1.097,-0.977,-0.888,-0.960,-0.878,-0.976,-0.906,-0.942,-0.941,-0.967,-0.994,-1.065,-0.902,-1.023,-0.767,-1.007,-0.967,-1.064,-0.787,-1.126,-1.062,-1.041,-0.883,-1.081,-0.869,-1.018,-1.013,-1.055,-0.990,-1.037,-0.998,-1.031,-0.868,-1.054,-0.875,-0.948,-1.014,-0.905,-0.948,-1.041,-1.115,-1.029,-0.864,-1.013,-1.100,-0.926,-0.963,-1.066,-1.066,-0.922,-0.900,-1.127,-1.152,-0.881,-0.944,-1.073,-1.042,-0.890,-1.009,-1.069,-0.896,-1.082,-0.959,-1.020,-1.095,-0.975,-1.039,-0.897,-1.134,-1.160,-1.010,-0.792,-1.117,-1.115
2012-06-01,-0.726,-0.888,-0.881,-1.118,-0.772,-0.860,-0.952,-1.003,-0.997,-1.000,-0.909,-0.951,-0.932,-0.899,-1.055,-0.943,-1.051,-0.940,-0.936,-0.919,-1.127,-0.955,-1.004,-1.016,-0.993,-1.021,-0.985,-1.141,-0.972,-0.863,-0.932,-0.847,-0.877,-0.860,-0.923,-1.018,-0.960,-0.983,-1.059,-0.899,-1.060,-0.740,-0.993,-1.008,-1.054,-0.733,-1.151,-0.969,-1.041,-0.895,-1.040,-0.869,-1.017,-0.839,-1.045,-1.014,-1.027,-1.015,-1.018,-0.888,-1.023,-0.896,-0.947,-1.013,-0.879,-0.965,-1.017,-1.116,-1.067,-0.942,-0.980,-1.136,-1.045,-1.022,-1.026,-1.071,-0.929,-0.907,-1.143,-1.096,-0.902,-0.917,-1.030,-1.101,-0.848,-0.954,-1.009,-0.886,-1.115,-0.959,-1.021,-1.078,-1.012,-1.037,-0.906,-1.087,-1.170,-1.011,-0.824,-1.092,-1.115
2012-07-01,-0.756,-0.977,-0.935,-1.108,-0.650,-0.829,-1.002,-0.976,-1.001,-0.990,-0.928,-1.000,-0.952,-0.920,-0.950,-0.936,-0.748,-0.936,-0.939,-0.922,-1.188,-0.958,-1.022,-0.993,-0.992,-1.075,-0.987,-1.132,-0.995,-0.828,-0.902,-0.854,-0.930,-0.796,-0.828,-1.015,-0.934,-0.997,-1.085,-0.880,-1.109,-0.830,-0.991,-1.012,-1.091,-0.663,-1.127,-0.973,-1.103,-0.891,-1.069,-0.869,-1.020,-0.949,-1.010,-1.019,-1.037,-1.017,-1.060,-0.861,-1.022,-0.858,-0.956,-1.016,-0.898,-0.924,-1.037,-1.126,-1.077,-0.852,-1.033,-1.136,-1.110,-1.020,-1.006,-1.065,-0.971,-0.907,-1.182,-1.112,-0.885,-0.914,-1.005,-1.091,-0.779,-0.954,-0.967,-0.904,-1.107,-0.960,-1.022,-1.086,-0.961,-1.008,-0.872,-1.009,-1.141,-1.002,-0.773,-1.153,-0.960
2012-08-01,-0.817,-1.009,-0.914,-1.126,-0.634,-0.890,-1.029,-0.999,-1.008,-1.047,-0.961,-0.992,-0.947,-0.944,-1.022,-0.955,-0.953,-0.970,-0.948,-0.895,-1.200,-0.968,-0.994,-0.898,-1.024,-0.913,-0.988,-1.190,-0.957,-0.898,-0.951,-0.833,-0.975,-0.888,-0.870,-0.948,-0.938,-0.956,-1.051,-0.902,-1.112,-0.931,-1.011,-0.979,-1.060,-0.700,-1.128,-0.950,-1.060,-0.887,-1.120,-0.869,-1.024,-1.010,-1.028,-1.007,-1.069,-0.999,-1.005,-0.852,-1.018,-0.826,-0.947,-1.020,-0.872,-0.856,-1.046,-1.146,-1.054,-0.867,-0.978,-1.108,-1.137,-1.088,-1.015,-1.061,-0.877,-0.928,-1.173,-1.133,-0.938,-0.919,-1.012,-1.092,-0.822,-1.026,-0.989,-0.911,-1.093,-0.955,-1.021,-1.070,-1.000,-1.049,-0.770,-1.122,-1.135,-1.013,-0.782,-1.160,-0.975
2012-09-01,-0.847,-1.000,-0.932,-1.137,-0.685,-0.874,-1.041,-1.008,-1.024,-1.120,-1.020,-1.016,-0.967,-0.960,-1.098,-1.010,-0.947,-0.980,-0.955,-0.931,-1.250,-0.973,-1.010,-1.063,-1.021,-1.037,-0.989,-1.242,-0.929,-0.915,-0.967,-0.876,-1.078,-0.856,-0.886,-1.049,-0.980,-1.027,-1.137,-0.906,-1.096,-0.987,-1.020,-1.034,-1.149,-0.766,-1.124,-1.062,-1.196,-0.908,-1.125,-0.869,-1.030,-1.019,-0.972,-1.076,-1.134,-1.030,-0.882,-0.938,-1.047,-0.904,-0.956,-1.025,-0.902,-0.793,-1.073,-1.154,-1.013,-0.881,-0.982,-1.167,-1.108,-1.138,-1.084,-1.077,-0.916,-0.912,-1.241,-1.168,-0.944,-0.987,-1.084,-1.050,-0.869,-1.059,-1.122,-0.907,-1.088,-0.961,-1.023,-1.108,-0.975,-1.072,-0.694,-1.322,-1.194,-1.032,-0.783,-1.244,-1.156


